Rank_2|Score_159.8848|Feature_f9913428	gb|AY712687.1|+|0-831|ARO:3002628|aad(6)	100.000	12	0	0	9	20	273	262	2.8	23.3	gb|AY712687.1|+|0-831|ARO:3002628|aad(6) [Streptococcus oralis] Partial
Rank_2|Score_159.8848|Feature_f9913428	gb|KF648874.1|-|60996-61860|ARO:3002626|ANT(6)-Ia	100.000	12	0	0	9	20	351	340	2.8	23.3	gb|KF648874.1|-|60996-61860|ARO:3002626|ANT(6)-Ia [Exiguobacterium sp. S3-2] 
Rank_2|Score_159.8848|Feature_f9913428	gb|GQ205627.2|+|3036-3687|ARO:3002845|vatH	100.000	12	0	0	3	14	557	546	2.8	23.3	gb|GQ205627.2|+|3036-3687|ARO:3002845|vatH [Enterococcus faecium] 
Rank_3|Score_143.4009|Feature_f26062000	gb|MN366378.1|+|0-756|ARO:3005061|AAC(3)-IVb	100.000	12	0	0	3	14	176	165	2.8	23.3	gb|MN366378.1|+|0-756|ARO:3005061|AAC(3)-IVb [Cupriavidus gilardii] 
Rank_3|Score_143.4009|Feature_f26062000	gb|AY027589.1|+|45-828|ARO:3004239|NPS-1	100.000	12	0	0	4	15	108	119	2.8	23.3	gb|AY027589.1|+|45-828|ARO:3004239|NPS-1 [Pseudomonas aeruginosa] 
Rank_3|Score_143.4009|Feature_f26062000	gb|X56809.1|+|111-894|ARO:3002997|LCR-1	100.000	12	0	0	4	15	108	119	2.8	23.3	gb|X56809.1|+|111-894|ARO:3002997|LCR-1 [Pseudomonas aeruginosa] 
Rank_3|Score_143.4009|Feature_f26062000	gb|AP009048.1|-|4338624-4340268|ARO:3003576|eptA	100.000	12	0	0	4	15	291	302	2.8	23.3	gb|AP009048.1|-|4338624-4340268|ARO:3003576|eptA [Escherichia coli str. K-12 substr. W3110] 
Rank_4|Score_133.5969|Feature_f6187144	gb|AF170730.1|+|69-735|ARO:3003744|vatF	93.750	16	1	0	6	21	69	84	0.78	25.1	gb|AF170730.1|+|69-735|ARO:3003744|vatF [Yersinia enterocolitica] 
Rank_4|Score_133.5969|Feature_f6187144	gb|AB261016.2|-|91163-91823|ARO:3002665|npmA	100.000	13	0	0	7	19	30	42	0.78	25.1	gb|AB261016.2|-|91163-91823|ARO:3002665|npmA [Escherichia coli] 
Rank_4|Score_133.5969|Feature_f6187144	gb|JQ231224.1|+|90-3192|ARO:3000510|Saur_mupB_MUP	100.000	12	0	0	1	12	2679	2690	2.8	23.3	gb|JQ231224.1|+|90-3192|ARO:3000510|Saur_mupB_MUP [Staphylococcus aureus] 
Rank_4|Score_133.5969|Feature_f6187144	gb|APQJ01000007.1|+|349333-350155|ARO:3001725|OXA-269	100.000	12	0	0	10	21	389	400	2.8	23.3	gb|APQJ01000007.1|+|349333-350155|ARO:3001725|OXA-269 [Acinetobacter calcoaceticus ANC 3811] 
Rank_4|Score_133.5969|Feature_f6187144	gb|AY152390.1|+|0-1335|ARO:3003785|Ctra_murA_FOF	100.000	12	0	0	1	12	592	581	2.8	23.3	gb|AY152390.1|+|0-1335|ARO:3003785|Ctra_murA_FOF [Chlamydia trachomatis] 
Rank_4|Score_133.5969|Feature_f6187144	gb|KX531052.1|+|0-2655|ARO:3003992|rphB	100.000	12	0	0	1	12	1645	1634	2.8	23.3	gb|KX531052.1|+|0-2655|ARO:3003992|rphB [Paenibacillus sp. LC231] 
Rank_4|Score_133.5969|Feature_f6187144	gb|KF481967.1|+|0-885|ARO:3002382|SME-4	100.000	12	0	0	8	19	627	638	2.8	23.3	gb|KF481967.1|+|0-885|ARO:3002382|SME-4 [Serratia marcescens] 
Rank_4|Score_133.5969|Feature_f6187144	gb|AY584237.1|+|123-1008|ARO:3002381|SME-3	100.000	12	0	0	8	19	627	638	2.8	23.3	gb|AY584237.1|+|123-1008|ARO:3002381|SME-3 [Serratia marcescens] 
Rank_4|Score_133.5969|Feature_f6187144	gb|Z28968.1|+|0-885|ARO:3002379|SME-1	100.000	12	0	0	8	19	627	638	2.8	23.3	gb|Z28968.1|+|0-885|ARO:3002379|SME-1 [Serratia marcescens] 
Rank_4|Score_133.5969|Feature_f6187144	gb|AF408195.1|+|7908-9393|ARO:3003206|lsaE	100.000	12	0	0	5	16	937	948	2.8	23.3	gb|AF408195.1|+|7908-9393|ARO:3003206|lsaE [Enterococcus faecalis] 
Rank_4|Score_133.5969|Feature_f6187144	gb|KJ188748.1|+|0-885|ARO:3002383|SME-5	100.000	12	0	0	8	19	627	638	2.8	23.3	gb|KJ188748.1|+|0-885|ARO:3002383|SME-5 [Serratia marcescens] 
Rank_4|Score_133.5969|Feature_f6187144	gb|AF275256.1|+|0-885|ARO:3002380|SME-2	100.000	12	0	0	8	19	627	638	2.8	23.3	gb|AF275256.1|+|0-885|ARO:3002380|SME-2 [Serratia marcescens] 
Rank_4|Score_133.5969|Feature_f6187144	gb|AY047358.1|+|1710-2352|ARO:3003552|fusB	93.333	15	1	0	1	15	5	19	2.8	23.3	gb|AY047358.1|+|1710-2352|ARO:3003552|fusB [Staphylococcus aureus] 
Rank_5|Score_99.5522|Feature_f33165136	gb|CP050811.1|-|4073465-4074623|ARO:3009096|YOC-1	100.000	13	0	0	4	16	625	637	0.78	25.1	gb|CP050811.1|-|4073465-4074623|ARO:3009096|YOC-1 [Yokenella regensburgei] 
Rank_6|Score_75.1891|Feature_f17359820	gb|CP000144.2|+|874560-875703|ARO:3004291|Rsph_ampC_BLA	100.000	12	0	0	10	21	1042	1031	2.8	23.3	gb|CP000144.2|+|874560-875703|ARO:3004291|Rsph_ampC_BLA [Cereibacter sphaeroides 2.4.1] 
Rank_7|Score_69.1629|Feature_f9679786	gb|AB219523.1|+|1175-4286|ARO:3003705|mexN	100.000	14	0	0	8	21	1148	1161	0.22	27.0	gb|AB219523.1|+|1175-4286|ARO:3003705|mexN [Pseudomonas aeruginosa] 
Rank_7|Score_69.1629|Feature_f9679786	gb|PP331844.1|+|0-864|ARO:3008822|PAM-5	100.000	12	0	0	6	17	823	812	2.8	23.3	gb|PP331844.1|+|0-864|ARO:3008822|PAM-5 [Pseudomonas tohonis] 
Rank_7|Score_69.1629|Feature_f9679786	gb|AB858498.1|+|0-864|ARO:3007199|PAM-1	100.000	12	0	0	6	17	823	812	2.8	23.3	gb|AB858498.1|+|0-864|ARO:3007199|PAM-1 [Pseudomonas alcaligenes] 
Rank_7|Score_69.1629|Feature_f9679786	gb|DQ831141.1|+|8921-9578|ARO:3002707|QnrA1	100.000	12	0	0	6	17	341	352	2.8	23.3	gb|DQ831141.1|+|8921-9578|ARO:3002707|QnrA1 [Klebsiella pneumoniae] 
Rank_7|Score_69.1629|Feature_f9679786	gb|EU675686.2|+|3196-4042|ARO:3002616|aadA16	93.333	15	1	0	6	20	777	791	2.8	23.3	gb|EU675686.2|+|3196-4042|ARO:3002616|aadA16 [Escherichia coli] 
Rank_7|Score_69.1629|Feature_f9679786	gb|DQ151889.1|+|0-657|ARO:3002712|QnrA6	100.000	12	0	0	6	17	341	352	2.8	23.3	gb|DQ151889.1|+|0-657|ARO:3002712|QnrA6 [Proteus mirabilis] 
Rank_7|Score_69.1629|Feature_f9679786	gb|GQ463707.3|+|0-657|ARO:3002713|QnrA7	100.000	12	0	0	6	17	341	352	2.8	23.3	gb|GQ463707.3|+|0-657|ARO:3002713|QnrA7 [Shewanella algae] 
Rank_7|Score_69.1629|Feature_f9679786	gb|DQ058661.1|+|0-657|ARO:3002709|QnrA3	100.000	12	0	0	6	17	341	352	2.8	23.3	gb|DQ058661.1|+|0-657|ARO:3002709|QnrA3 [Shewanella algae] 
Rank_7|Score_69.1629|Feature_f9679786	gb|DQ058662.1|+|0-657|ARO:3002710|QnrA4	100.000	12	0	0	6	17	341	352	2.8	23.3	gb|DQ058662.1|+|0-657|ARO:3002710|QnrA4 [Shewanella algae] 
Rank_7|Score_69.1629|Feature_f9679786	gb|AE004091.2|+|2813193-2814612|ARO:3000805|OprN	100.000	12	0	0	10	21	970	981	2.8	23.3	gb|AE004091.2|+|2813193-2814612|ARO:3000805|OprN [Pseudomonas aeruginosa PAO1] 
Rank_7|Score_69.1629|Feature_f9679786	gb|DQ058663.1|+|0-657|ARO:3002711|QnrA5	100.000	12	0	0	6	17	341	352	2.8	23.3	gb|DQ058663.1|+|0-657|ARO:3002711|QnrA5 [Shewanella algae] 
Rank_8|Score_62.0298|Feature_f3195887	gb|AP009048.1|-|4338624-4340268|ARO:3003576|eptA	100.000	12	0	0	5	16	1346	1357	2.8	23.3	gb|AP009048.1|-|4338624-4340268|ARO:3003576|eptA [Escherichia coli str. K-12 substr. W3110] 
Rank_9|Score_59.9872|Feature_f31576655	gb|U41471.1|+|264-852|ARO:3002524|AAC(2')-Ib	100.000	14	0	0	6	19	555	568	0.22	27.0	gb|U41471.1|+|264-852|ARO:3002524|AAC(2')-Ib [Mycolicibacterium fortuitum] 
Rank_9|Score_59.9872|Feature_f31576655	gb|AE004091.2|-|2847775-2850886|ARO:3004075|MuxC	100.000	12	0	0	4	15	509	498	2.8	23.3	gb|AE004091.2|-|2847775-2850886|ARO:3004075|MuxC [Pseudomonas aeruginosa PAO1] 
Rank_9|Score_59.9872|Feature_f31576655	gb|Y18050.2|+|4757-5552|ARO:3004675|aphA15	100.000	12	0	0	6	17	412	423	2.8	23.3	gb|Y18050.2|+|4757-5552|ARO:3004675|aphA15 [Pseudomonas aeruginosa] 
Rank_9|Score_59.9872|Feature_f31576655	gb|AF173226.1|+|6913-8329|ARO:3003053|smeC	93.333	15	1	0	4	18	677	663	2.8	23.3	gb|AF173226.1|+|6913-8329|ARO:3003053|smeC [Stenotrophomonas maltophilia] 
Rank_10|Score_59.4955|Feature_f6220173	gb|AF170730.1|+|69-735|ARO:3003744|vatF	93.750	16	1	0	5	20	69	84	0.78	25.1	gb|AF170730.1|+|69-735|ARO:3003744|vatF [Yersinia enterocolitica] 
Rank_10|Score_59.4955|Feature_f6220173	gb|AB261016.2|-|91163-91823|ARO:3002665|npmA	94.118	17	0	1	6	21	30	46	0.78	25.1	gb|AB261016.2|-|91163-91823|ARO:3002665|npmA [Escherichia coli] 
Rank_10|Score_59.4955|Feature_f6220173	gb|AY238971.1|+|1054-1741|ARO:3004452|Acla_ACT_CHL	100.000	12	0	0	10	21	281	270	2.8	23.3	gb|AY238971.1|+|1054-1741|ARO:3004452|Acla_ACT_CHL [Alkalihalobacillus clausii] 
Rank_10|Score_59.4955|Feature_f6220173	gb|APQJ01000007.1|+|349333-350155|ARO:3001725|OXA-269	100.000	12	0	0	9	20	389	400	2.8	23.3	gb|APQJ01000007.1|+|349333-350155|ARO:3001725|OXA-269 [Acinetobacter calcoaceticus ANC 3811] 
Rank_10|Score_59.4955|Feature_f6220173	gb|CP010019.1|-|78318-79185|ARO:3004795|FPH-1	100.000	12	0	0	10	21	461	472	2.8	23.3	gb|CP010019.1|-|78318-79185|ARO:3004795|FPH-1 [Francisella philomiragia subsp. philomiragia ATCC 25015] 
Rank_10|Score_59.4955|Feature_f6220173	gb|AY162283.2|+|5615-6095|ARO:3004642|dfrA3b	100.000	12	0	0	10	21	322	333	2.8	23.3	gb|AY162283.2|+|5615-6095|ARO:3004642|dfrA3b [Citrobacter freundii] 
Rank_10|Score_59.4955|Feature_f6220173	gb|KF481967.1|+|0-885|ARO:3002382|SME-4	100.000	12	0	0	7	18	627	638	2.8	23.3	gb|KF481967.1|+|0-885|ARO:3002382|SME-4 [Serratia marcescens] 
Rank_10|Score_59.4955|Feature_f6220173	gb|AY584237.1|+|123-1008|ARO:3002381|SME-3	100.000	12	0	0	7	18	627	638	2.8	23.3	gb|AY584237.1|+|123-1008|ARO:3002381|SME-3 [Serratia marcescens] 
Rank_10|Score_59.4955|Feature_f6220173	gb|Z28968.1|+|0-885|ARO:3002379|SME-1	100.000	12	0	0	7	18	627	638	2.8	23.3	gb|Z28968.1|+|0-885|ARO:3002379|SME-1 [Serratia marcescens] 
Rank_10|Score_59.4955|Feature_f6220173	gb|AF408195.1|+|7908-9393|ARO:3003206|lsaE	100.000	12	0	0	4	15	937	948	2.8	23.3	gb|AF408195.1|+|7908-9393|ARO:3003206|lsaE [Enterococcus faecalis] 
Rank_10|Score_59.4955|Feature_f6220173	gb|KJ188748.1|+|0-885|ARO:3002383|SME-5	100.000	12	0	0	7	18	627	638	2.8	23.3	gb|KJ188748.1|+|0-885|ARO:3002383|SME-5 [Serratia marcescens] 
Rank_10|Score_59.4955|Feature_f6220173	gb|AF275256.1|+|0-885|ARO:3002380|SME-2	100.000	12	0	0	7	18	627	638	2.8	23.3	gb|AF275256.1|+|0-885|ARO:3002380|SME-2 [Serratia marcescens] 
Rank_10|Score_59.4955|Feature_f6220173	gb|AY047358.1|+|1710-2352|ARO:3003552|fusB	100.000	12	0	0	3	14	8	19	2.8	23.3	gb|AY047358.1|+|1710-2352|ARO:3003552|fusB [Staphylococcus aureus] 
Rank_11|Score_55.8159|Feature_f2559579	gb|AY394560.1|+|0-1920|ARO:3007120|tet(O/M/O)	100.000	16	0	0	6	21	377	392	0.017	30.7	gb|AY394560.1|+|0-1920|ARO:3007120|tet(O/M/O) [Campylobacter coli] 
Rank_11|Score_55.8159|Feature_f2559579	gb|M18896.2|+|206-2126|ARO:3000190|tet(O)	100.000	16	0	0	6	21	377	392	0.017	30.7	gb|M18896.2|+|206-2126|ARO:3000190|tet(O) [Campylobacter jejuni] 
Rank_11|Score_55.8159|Feature_f2559579	gb|X75439.1|+|476-3551|ARO:3000521|Saur_mupA_MUP	100.000	15	0	0	7	21	1419	1433	0.061	28.8	gb|X75439.1|+|476-3551|ARO:3000521|Saur_mupA_MUP [Staphylococcus aureus] 
Rank_11|Score_55.8159|Feature_f2559579	gb|Z21523.1|+|0-1974|ARO:3000191|tet(Q)	100.000	14	0	0	8	21	427	440	0.22	27.0	gb|Z21523.1|+|0-1974|ARO:3000191|tet(Q) [Bacteroides fragilis] 
Rank_11|Score_55.8159|Feature_f2559579	gb|NG_059898.1|+|100-961|ARO:3005266|TEM-235	100.000	13	0	0	4	16	694	682	0.78	25.1	gb|NG_059898.1|+|100-961|ARO:3005266|TEM-235 [mixed culture bacterium PE_gF3SD01_32] 
Rank_11|Score_55.8159|Feature_f2559579	gb|CP007504.1|+|2031238-2032126|ARO:3009040|RASA-1	93.333	15	1	0	5	19	468	454	2.8	23.3	gb|CP007504.1|+|2031238-2032126|ARO:3009040|RASA-1 [Riemerella anatipestifer] 
Rank_11|Score_55.8159|Feature_f2559579	gb|MZ265759.1|+|0-828|ARO:3008427|OXA-1006	100.000	12	0	0	10	21	45	34	2.8	23.3	gb|MZ265759.1|+|0-828|ARO:3008427|OXA-1006 [Acinetobacter johnsonii] 
Rank_11|Score_55.8159|Feature_f2559579	gb|CP009225.1|-|653878-655537|ARO:3007645|Cspo_cplR	100.000	12	0	0	8	19	6	17	2.8	23.3	gb|CP009225.1|-|653878-655537|ARO:3007645|Cspo_cplR [Clostridium sporogenes] 
Rank_11|Score_55.8159|Feature_f2559579	gb|EF063111.1|+|1121-1988|ARO:3004856|SCO-1	93.333	15	1	0	4	18	100	86	2.8	23.3	gb|EF063111.1|+|1121-1988|ARO:3004856|SCO-1 [Acinetobacter baumannii] 
Rank_11|Score_55.8159|Feature_f2559579	gb|AE009948.1|-|2111276-2113820|ARO:3003774|Saga_mprF	100.000	12	0	0	5	16	1779	1768	2.8	23.3	gb|AE009948.1|-|2111276-2113820|ARO:3003774|Saga_mprF [Streptococcus agalactiae 2603V/R] 
Rank_11|Score_55.8159|Feature_f2559579	gb|AY712687.1|+|0-831|ARO:3002628|aad(6)	100.000	12	0	0	10	21	210	221	2.8	23.3	gb|AY712687.1|+|0-831|ARO:3002628|aad(6) [Streptococcus oralis] Partial
Rank_11|Score_55.8159|Feature_f2559579	gb|KF648874.1|-|60996-61860|ARO:3002626|ANT(6)-Ia	100.000	12	0	0	10	21	288	299	2.8	23.3	gb|KF648874.1|-|60996-61860|ARO:3002626|ANT(6)-Ia [Exiguobacterium sp. S3-2] 
Rank_11|Score_55.8159|Feature_f2559579	gb|AY047358.1|+|1710-2352|ARO:3003552|fusB	100.000	12	0	0	8	19	630	619	2.8	23.3	gb|AY047358.1|+|1710-2352|ARO:3003552|fusB [Staphylococcus aureus] 
Rank_12|Score_52.6755|Feature_f6171188	gb|JQ231224.1|+|90-3192|ARO:3000510|Saur_mupB_MUP	93.750	16	1	0	5	20	2527	2512	0.78	25.1	gb|JQ231224.1|+|90-3192|ARO:3000510|Saur_mupB_MUP [Staphylococcus aureus] 
Rank_12|Score_52.6755|Feature_f6171188	gb|AY152390.1|+|0-1335|ARO:3003785|Ctra_murA_FOF	100.000	13	0	0	1	13	581	593	0.78	25.1	gb|AY152390.1|+|0-1335|ARO:3003785|Ctra_murA_FOF [Chlamydia trachomatis] 
Rank_12|Score_52.6755|Feature_f6171188	gb|KP399637.1|+|31476-33444|ARO:3003746|optrA	100.000	13	0	0	3	15	135	123	0.78	25.1	gb|KP399637.1|+|31476-33444|ARO:3003746|optrA [Enterococcus faecalis] 
Rank_12|Score_52.6755|Feature_f6171188	gb|KX531052.1|+|0-2655|ARO:3003992|rphB	100.000	12	0	0	1	12	1634	1645	2.8	23.3	gb|KX531052.1|+|0-2655|ARO:3003992|rphB [Paenibacillus sp. LC231] 
Rank_12|Score_52.6755|Feature_f6171188	gb|DQ838665.1|+|0-474|ARO:3002860|dfrA17	100.000	12	0	0	3	14	9	20	2.8	23.3	gb|DQ838665.1|+|0-474|ARO:3002860|dfrA17 [Pseudomonas aeruginosa] 
Rank_12|Score_52.6755|Feature_f6171188	gb|CP004067.1|-|43007-43928|ARO:3002669|APH(2'')-Ig	88.889	18	2	0	3	20	807	790	2.8	23.3	gb|CP004067.1|-|43007-43928|ARO:3002669|APH(2'')-Ig [Campylobacter coli CVM N29710] 
Rank_12|Score_52.6755|Feature_f6171188	gb|EU250284.1|+|954-2004|ARO:3002910|vanL	100.000	12	0	0	10	21	494	483	2.8	23.3	gb|EU250284.1|+|954-2004|ARO:3002910|vanL [Enterococcus faecalis] 
Rank_12|Score_52.6755|Feature_f6171188	gb|AF028812.1|+|392-887|ARO:3002867|dfrF	93.333	15	1	0	1	15	401	387	2.8	23.3	gb|AF028812.1|+|392-887|ARO:3002867|dfrF [Enterococcus faecalis] 
Rank_13|Score_52.1663|Feature_f12923241	gb|L32599.1|+|1236-2439|ARO:3003006|blt	94.118	17	1	0	1	17	497	481	0.22	27.0	gb|L32599.1|+|1236-2439|ARO:3003006|blt [Bacillus subtilis subsp. subtilis str. 168] 
Rank_13|Score_52.1663|Feature_f12923241	gb|AE004091.2|+|4707534-4710624|ARO:3000808|MexI	93.333	15	1	0	3	17	2154	2140	2.8	23.3	gb|AE004091.2|+|4707534-4710624|ARO:3000808|MexI [Pseudomonas aeruginosa PAO1] 
Rank_13|Score_52.1663|Feature_f12923241	gb|KC544262.1|+|665-1424|ARO:3003198|rmtH	100.000	12	0	0	10	21	62	73	2.8	23.3	gb|KC544262.1|+|665-1424|ARO:3003198|rmtH [Klebsiella pneumoniae] 
Rank_15|Score_42.6407|Feature_f1829607	gb|U35369.1|+|839-2183|ARO:3002932|vanS_in_vanB_cl	100.000	13	0	0	9	21	432	444	0.78	25.1	gb|U35369.1|+|839-2183|ARO:3002932|vanS_in_vanB_cl [Enterococcus faecalis] 
Rank_15|Score_42.6407|Feature_f1829607	gb|LC740578.1|+|14-755|ARO:3008224|IMP-98	100.000	12	0	0	1	12	685	696	2.8	23.3	gb|LC740578.1|+|14-755|ARO:3008224|IMP-98 [Pseudomonas aeruginosa] 
Rank_15|Score_42.6407|Feature_f1829607	gb|LC727551.1|+|0-741|ARO:3008223|IMP-97	100.000	12	0	0	1	12	685	696	2.8	23.3	gb|LC727551.1|+|0-741|ARO:3008223|IMP-97 [Klebsiella oxytoca] 
Rank_15|Score_42.6407|Feature_f1829607	gb|PQ218333.1|+|0-741|ARO:3008218|IMP-104	100.000	12	0	0	1	12	685	696	2.8	23.3	gb|PQ218333.1|+|0-741|ARO:3008218|IMP-104 [Pseudomonas alloputida] 
Rank_15|Score_42.6407|Feature_f1829607	gb|NG_070738.1|+|100-841|ARO:3005492|IMP-89	100.000	12	0	0	1	12	685	696	2.8	23.3	gb|NG_070738.1|+|100-841|ARO:3005492|IMP-89 [Pseudomonas putida] 
Rank_15|Score_42.6407|Feature_f1829607	gb|NG_070737.1|+|0-741|ARO:3005491|IMP-88	100.000	12	0	0	1	12	685	696	2.8	23.3	gb|NG_070737.1|+|0-741|ARO:3005491|IMP-88 [Pseudomonas aeruginosa] 
Rank_15|Score_42.6407|Feature_f1829607	gb|NG_062274.1|+|0-741|ARO:3005485|IMP-80	100.000	12	0	0	1	12	685	696	2.8	23.3	gb|NG_062274.1|+|0-741|ARO:3005485|IMP-80 [Pseudomonas aeruginosa] 
Rank_15|Score_42.6407|Feature_f1829607	gb|NG_061626.1|+|0-741|ARO:3005484|IMP-79	100.000	12	0	0	1	12	685	696	2.8	23.3	gb|NG_061626.1|+|0-741|ARO:3005484|IMP-79 [Pseudomonas aeruginosa] 
Rank_15|Score_42.6407|Feature_f1829607	gb|NG_061411.1|+|0-741|ARO:3005483|IMP-78	100.000	12	0	0	1	12	685	696	2.8	23.3	gb|NG_061411.1|+|0-741|ARO:3005483|IMP-78 [Pseudomonas aeruginosa] 
Rank_15|Score_42.6407|Feature_f1829607	gb|NG_061410.1|+|0-741|ARO:3005482|IMP-77	100.000	12	0	0	1	12	685	696	2.8	23.3	gb|NG_061410.1|+|0-741|ARO:3005482|IMP-77 [Pseudomonas aeruginosa] 
Rank_15|Score_42.6407|Feature_f1829607	gb|NG_061409.1|+|0-741|ARO:3005481|IMP-76	100.000	12	0	0	1	12	685	696	2.8	23.3	gb|NG_061409.1|+|0-741|ARO:3005481|IMP-76 [Pseudomonas aeruginosa] 
Rank_15|Score_42.6407|Feature_f1829607	gb|NG_056176.1|+|0-741|ARO:3005476|IMP-70	100.000	12	0	0	1	12	685	696	2.8	23.3	gb|NG_056176.1|+|0-741|ARO:3005476|IMP-70 [Pseudomonas aeruginosa] 
Rank_15|Score_42.6407|Feature_f1829607	gb|NG_054676.1|+|0-741|ARO:3005473|IMP-66	100.000	12	0	0	1	12	685	696	2.8	23.3	gb|NG_054676.1|+|0-741|ARO:3005473|IMP-66 [Escherichia coli] 
Rank_15|Score_42.6407|Feature_f1829607	gb|NG_051166.1|+|0-741|ARO:3005468|IMP-61	100.000	12	0	0	1	12	685	696	2.8	23.3	gb|NG_051166.1|+|0-741|ARO:3005468|IMP-61 [Acinetobacter baumannii] 
Rank_15|Score_42.6407|Feature_f1829607	gb|NG_050945.1|+|0-741|ARO:3005467|IMP-60	100.000	12	0	0	1	12	685	696	2.8	23.3	gb|NG_050945.1|+|0-741|ARO:3005467|IMP-60 [Enterobacter cloacae] 
Rank_15|Score_42.6407|Feature_f1829607	gb|NG_055477.1|+|0-741|ARO:3005466|IMP-59	100.000	12	0	0	1	12	685	696	2.8	23.3	gb|NG_055477.1|+|0-741|ARO:3005466|IMP-59 [Escherichia coli] 
Rank_15|Score_42.6407|Feature_f1829607	gb|KU299753.1|+|0-741|ARO:3004494|IMP-55	100.000	12	0	0	1	12	685	696	2.8	23.3	gb|KU299753.1|+|0-741|ARO:3004494|IMP-55 [Acinetobacter baumannii] 
Rank_15|Score_42.6407|Feature_f1829607	gb|LC055762.1|+|565-1306|ARO:3004823|IMP-52	100.000	12	0	0	1	12	685	696	2.8	23.3	gb|LC055762.1|+|565-1306|ARO:3004823|IMP-52 [Escherichia coli] 
Rank_15|Score_42.6407|Feature_f1829607	gb|AY769962.1|+|5610-7065|ARO:3000782|adeK	100.000	12	0	0	10	21	885	874	2.8	23.3	gb|AY769962.1|+|5610-7065|ARO:3000782|adeK [Acinetobacter baumannii] 
Rank_15|Score_42.6407|Feature_f1829607	gb|HQ875573.1|+|0-741|ARO:3002229|IMP-38	100.000	12	0	0	1	12	685	696	2.8	23.3	gb|HQ875573.1|+|0-741|ARO:3002229|IMP-38 [Klebsiella pneumoniae] 
Rank_15|Score_42.6407|Feature_f1829607	gb|AB753457.1|+|0-741|ARO:3002231|IMP-40	100.000	12	0	0	1	12	685	696	2.8	23.3	gb|AB753457.1|+|0-741|ARO:3002231|IMP-40 [Pseudomonas aeruginosa] 
Rank_15|Score_42.6407|Feature_f1829607	gb|AB010417.1|+|0-741|ARO:3002194|IMP-3	100.000	12	0	0	1	12	685	696	2.8	23.3	gb|AB010417.1|+|0-741|ARO:3002194|IMP-3 [Shigella flexneri] 
Rank_15|Score_42.6407|Feature_f1829607	gb|AB074433.1|+|16-757|ARO:3002201|IMP-10	100.000	12	0	0	1	12	685	696	2.8	23.3	gb|AB074433.1|+|16-757|ARO:3002201|IMP-10 [Pseudomonas aeruginosa] 
Rank_15|Score_42.6407|Feature_f1829607	gb|CT025800.2|+|0-1221|ARO:3000778|adeG	100.000	12	0	0	9	20	813	802	2.8	23.3	gb|CT025800.2|+|0-1221|ARO:3000778|adeG [Acinetobacter baumannii AYE] 
Rank_15|Score_42.6407|Feature_f1829607	gb|AF244145.1|+|0-741|ARO:3002195|IMP-4	100.000	12	0	0	1	12	685	696	2.8	23.3	gb|AF244145.1|+|0-741|ARO:3002195|IMP-4 [Acinetobacter baumannii] 
Rank_15|Score_42.6407|Feature_f1829607	gb|AB040994.1|+|0-741|ARO:3002197|IMP-6	100.000	12	0	0	1	12	685	696	2.8	23.3	gb|AB040994.1|+|0-741|ARO:3002197|IMP-6 [Serratia marcescens] 
Rank_15|Score_42.6407|Feature_f1829607	gb|DQ522237.1|+|1075-1816|ARO:3002221|IMP-30	100.000	12	0	0	1	12	685	696	2.8	23.3	gb|DQ522237.1|+|1075-1816|ARO:3002221|IMP-30 [Pseudomonas aeruginosa] 
Rank_15|Score_42.6407|Feature_f1829607	gb|AB715422.2|+|27225-27966|ARO:3002225|IMP-34	100.000	12	0	0	1	12	685	696	2.8	23.3	gb|AB715422.2|+|27225-27966|ARO:3002225|IMP-34 [Klebsiella oxytoca] 
Rank_15|Score_42.6407|Feature_f1829607	gb|EU541448.1|+|0-741|ARO:3002216|IMP-25	100.000	12	0	0	1	12	685	696	2.8	23.3	gb|EU541448.1|+|0-741|ARO:3002216|IMP-25 [Pseudomonas aeruginosa] 
Rank_15|Score_42.6407|Feature_f1829607	gb|AJ223604.1|+|1484-2225|ARO:3002192|IMP-1	100.000	12	0	0	1	12	685	696	2.8	23.3	gb|AJ223604.1|+|1484-2225|ARO:3002192|IMP-1 [Pseudomonas aeruginosa] 
Rank_15|Score_42.6407|Feature_f1829607	gb|GU045307.1|+|100-841|ARO:3002217|IMP-26	100.000	12	0	0	1	12	685	696	2.8	23.3	gb|GU045307.1|+|100-841|ARO:3002217|IMP-26 [Pseudomonas aeruginosa] 
Rank_15|Score_42.6407|Feature_f1829607	gb|AB753456.1|+|0-741|ARO:3002233|IMP-42	100.000	12	0	0	1	12	685	696	2.8	23.3	gb|AB753456.1|+|0-741|ARO:3002233|IMP-42 [Acinetobacter soli] 
Rank_16|Score_38.8704|Feature_f28041221	gb|CP005288.1|+|116946-118335|ARO:3007010|norC	93.750	16	1	0	4	19	262	247	0.78	25.1	gb|CP005288.1|+|116946-118335|ARO:3007010|norC [Staphylococcus aureus] 
Rank_16|Score_38.8704|Feature_f28041221	gb|PQ362078.1|+|0-861|ARO:3009077|TEM-258	100.000	12	0	0	1	12	736	725	2.8	23.3	gb|PQ362078.1|+|0-861|ARO:3009077|TEM-258 [Enterobacter cloacae] 
Rank_16|Score_38.8704|Feature_f28041221	gb|PQ284153.1|+|0-861|ARO:3009076|TEM-257	100.000	12	0	0	1	12	736	725	2.8	23.3	gb|PQ284153.1|+|0-861|ARO:3009076|TEM-257 [Klebsiella pneumoniae] 
Rank_16|Score_38.8704|Feature_f28041221	gb|PQ284152.1|+|700-1561|ARO:3009075|TEM-256	100.000	12	0	0	1	12	736	725	2.8	23.3	gb|PQ284152.1|+|700-1561|ARO:3009075|TEM-256 [Klebsiella pneumoniae] 
Rank_16|Score_38.8704|Feature_f28041221	gb|PQ284151.1|-|549-1410|ARO:3009074|TEM-255	100.000	12	0	0	1	12	736	725	2.8	23.3	gb|PQ284151.1|-|549-1410|ARO:3009074|TEM-255 [Klebsiella pneumoniae] 
Rank_16|Score_38.8704|Feature_f28041221	gb|PQ037600.1|+|0-861|ARO:3009073|TEM-254	100.000	12	0	0	1	12	736	725	2.8	23.3	gb|PQ037600.1|+|0-861|ARO:3009073|TEM-254 [Escherichia coli] 
Rank_16|Score_38.8704|Feature_f28041221	gb|PQ037599.1|+|0-861|ARO:3009072|TEM-253	100.000	12	0	0	1	12	736	725	2.8	23.3	gb|PQ037599.1|+|0-861|ARO:3009072|TEM-253 [Escherichia coli] 
Rank_16|Score_38.8704|Feature_f28041221	gb|PP933208.1|+|0-861|ARO:3009071|TEM-252	100.000	12	0	0	1	12	736	725	2.8	23.3	gb|PP933208.1|+|0-861|ARO:3009071|TEM-252 [Escherichia coli] 
Rank_16|Score_38.8704|Feature_f28041221	gb|OQ870701.1|-|0-861|ARO:3009070|TEM-251	100.000	12	0	0	1	12	736	725	2.8	23.3	gb|OQ870701.1|-|0-861|ARO:3009070|TEM-251 [Escherichia coli] 
Rank_16|Score_38.8704|Feature_f28041221	gb|OQ592371.1|+|0-861|ARO:3009069|TEM-250	100.000	12	0	0	1	12	736	725	2.8	23.3	gb|OQ592371.1|+|0-861|ARO:3009069|TEM-250 [Klebsiella oxytoca] 
Rank_16|Score_38.8704|Feature_f28041221	gb|OP142512.1|+|0-861|ARO:3009068|TEM-249	100.000	12	0	0	1	12	736	725	2.8	23.3	gb|OP142512.1|+|0-861|ARO:3009068|TEM-249 [Escherichia coli] 
Rank_16|Score_38.8704|Feature_f28041221	gb|OP142511.1|+|0-861|ARO:3009067|TEM-248	100.000	12	0	0	1	12	736	725	2.8	23.3	gb|OP142511.1|+|0-861|ARO:3009067|TEM-248 [Escherichia coli] 
Rank_16|Score_38.8704|Feature_f28041221	gb|AL513383.1|+|161910-162771|ARO:3000873|TEM-1	100.000	12	0	0	1	12	736	725	2.8	23.3	gb|AL513383.1|+|161910-162771|ARO:3000873|TEM-1 [Salmonella enterica subsp. enterica serovar Typhi str. CT18] 
Rank_16|Score_38.8704|Feature_f28041221	gb|LC542923.1|-|2479-3340|ARO:3000930|TEM-61	100.000	12	0	0	1	12	736	725	2.8	23.3	gb|LC542923.1|-|2479-3340|ARO:3000930|TEM-61 [Serratia marcescens] 
Rank_16|Score_38.8704|Feature_f28041221	gb|AAAGNS010000063.1|-|144-1005|ARO:3000966|TEM-103	100.000	12	0	0	1	12	736	725	2.8	23.3	gb|AAAGNS010000063.1|-|144-1005|ARO:3000966|TEM-103 [Salmonella enterica subsp. enterica serovar Panama] 
Rank_16|Score_38.8704|Feature_f28041221	gb|OM617737.1|+|0-861|ARO:3007454|TEM-245	100.000	12	0	0	1	12	736	725	2.8	23.3	gb|OM617737.1|+|0-861|ARO:3007454|TEM-245 [Neisseria gonorrhoeae] 
Rank_16|Score_38.8704|Feature_f28041221	gb|MZ026156.1|+|0-861|ARO:3007453|TEM-244	100.000	12	0	0	1	12	736	725	2.8	23.3	gb|MZ026156.1|+|0-861|ARO:3007453|TEM-244 [Escherichia coli] 
Rank_16|Score_38.8704|Feature_f28041221	gb|OM617738.1|+|0-861|ARO:3007448|TEM-246	100.000	12	0	0	1	12	736	725	2.8	23.3	gb|OM617738.1|+|0-861|ARO:3007448|TEM-246 [Neisseria gonorrhoeae] 
Rank_16|Score_38.8704|Feature_f28041221	gb|ON651488.1|+|0-861|ARO:3007451|TEM-247	100.000	12	0	0	1	12	736	725	2.8	23.3	gb|ON651488.1|+|0-861|ARO:3007451|TEM-247 [Pseudomonas alloputida] 
Rank_16|Score_38.8704|Feature_f28041221	gb|NG_050308.1|+|0-861|ARO:3006140|TEM-99	100.000	12	0	0	1	12	736	725	2.8	23.3	gb|NG_050308.1|+|0-861|ARO:3006140|TEM-99 [Escherichia coli] 
Rank_16|Score_38.8704|Feature_f28041221	gb|NG_050307.1|+|0-861|ARO:3006139|TEM-98	100.000	12	0	0	1	12	736	725	2.8	23.3	gb|NG_050307.1|+|0-861|ARO:3006139|TEM-98 [Escherichia coli] 
Rank_16|Score_38.8704|Feature_f28041221	gb|NG_073476.1|+|0-831|ARO:3006127|OXA-948	100.000	12	0	0	9	20	32	21	2.8	23.3	gb|NG_073476.1|+|0-831|ARO:3006127|OXA-948 [Acinetobacter pittii] 
Rank_16|Score_38.8704|Feature_f28041221	gb|NG_073474.1|+|0-831|ARO:3006125|OXA-946	100.000	12	0	0	9	20	32	21	2.8	23.3	gb|NG_073474.1|+|0-831|ARO:3006125|OXA-946 [Acinetobacter calcoaceticus] 
Rank_16|Score_38.8704|Feature_f28041221	gb|NG_061623.1|+|0-831|ARO:3005935|OXA-730	100.000	12	0	0	9	20	32	21	2.8	23.3	gb|NG_061623.1|+|0-831|ARO:3005935|OXA-730 [Acinetobacter calcoaceticus] 
Rank_16|Score_38.8704|Feature_f28041221	gb|NG_062355.1|+|0-831|ARO:3005887|OXA-679	100.000	12	0	0	9	20	32	21	2.8	23.3	gb|NG_062355.1|+|0-831|ARO:3005887|OXA-679 [Acinetobacter calcoaceticus] 
Rank_16|Score_38.8704|Feature_f28041221	gb|NG_071226.1|+|0-861|ARO:3005273|TEM-243	100.000	12	0	0	1	12	736	725	2.8	23.3	gb|NG_071226.1|+|0-861|ARO:3005273|TEM-243 [Escherichia coli] 
Rank_16|Score_38.8704|Feature_f28041221	gb|NG_065939.1|+|0-861|ARO:3005272|TEM-242	100.000	12	0	0	1	12	736	725	2.8	23.3	gb|NG_065939.1|+|0-861|ARO:3005272|TEM-242 [Providencia stuartii] 
Rank_16|Score_38.8704|Feature_f28041221	gb|NG_065938.1|+|0-861|ARO:3005271|TEM-241	100.000	12	0	0	1	12	736	725	2.8	23.3	gb|NG_065938.1|+|0-861|ARO:3005271|TEM-241 [Pseudomonas aeruginosa] 
Rank_16|Score_38.8704|Feature_f28041221	gb|NG_066544.1|+|0-861|ARO:3005270|TEM-240	100.000	12	0	0	1	12	736	725	2.8	23.3	gb|NG_066544.1|+|0-861|ARO:3005270|TEM-240 [Klebsiella variicola] 
Rank_16|Score_38.8704|Feature_f28041221	gb|NG_067163.1|+|0-861|ARO:3005269|TEM-238	100.000	12	0	0	1	12	736	725	2.8	23.3	gb|NG_067163.1|+|0-861|ARO:3005269|TEM-238 [Escherichia coli] 
Rank_16|Score_38.8704|Feature_f28041221	gb|NG_062250.1|+|100-961|ARO:3005268|TEM-237	100.000	12	0	0	1	12	736	725	2.8	23.3	gb|NG_062250.1|+|100-961|ARO:3005268|TEM-237 [Escherichia coli] 
Rank_16|Score_38.8704|Feature_f28041221	gb|NG_061611.1|+|0-861|ARO:3005267|TEM-236	100.000	12	0	0	1	12	736	725	2.8	23.3	gb|NG_061611.1|+|0-861|ARO:3005267|TEM-236 [Escherichia coli] 
Rank_16|Score_38.8704|Feature_f28041221	gb|NG_059898.1|+|100-961|ARO:3005266|TEM-235	100.000	12	0	0	1	12	736	725	2.8	23.3	gb|NG_059898.1|+|100-961|ARO:3005266|TEM-235 [mixed culture bacterium PE_gF3SD01_32] 
Rank_16|Score_38.8704|Feature_f28041221	gb|NG_057609.1|+|0-861|ARO:3005265|TEM-234	100.000	12	0	0	1	12	736	725	2.8	23.3	gb|NG_057609.1|+|0-861|ARO:3005265|TEM-234 [Pseudomonas aeruginosa] 
Rank_16|Score_38.8704|Feature_f28041221	gb|NG_054684.1|+|0-861|ARO:3005257|TEM-226	100.000	12	0	0	1	12	736	725	2.8	23.3	gb|NG_054684.1|+|0-861|ARO:3005257|TEM-226 [Escherichia coli] 
Rank_16|Score_38.8704|Feature_f28041221	gb|NG_052651.1|+|0-861|ARO:3005256|TEM-225	100.000	12	0	0	1	12	736	725	2.8	23.3	gb|NG_052651.1|+|0-861|ARO:3005256|TEM-225 [Escherichia coli] 
Rank_16|Score_38.8704|Feature_f28041221	gb|NG_050254.1|+|0-861|ARO:3005255|TEM-224	100.000	12	0	0	1	12	736	725	2.8	23.3	gb|NG_050254.1|+|0-861|ARO:3005255|TEM-224 [Klebsiella pneumoniae] 
Rank_16|Score_38.8704|Feature_f28041221	gb|NG_050245.1|+|0-861|ARO:3001389|TEM-212	100.000	12	0	0	1	12	736	725	2.8	23.3	gb|NG_050245.1|+|0-861|ARO:3001389|TEM-212 [Providencia stuartii] 
Rank_16|Score_38.8704|Feature_f28041221	gb|NG_050243.1|+|100-961|ARO:3001387|TEM-210	100.000	12	0	0	1	12	736	725	2.8	23.3	gb|NG_050243.1|+|100-961|ARO:3001387|TEM-210 [Escherichia coli] 
Rank_16|Score_38.8704|Feature_f28041221	gb|NG_065940.1|+|0-861|ARO:3000909|TEM-39	100.000	12	0	0	1	12	736	725	2.8	23.3	gb|NG_065940.1|+|0-861|ARO:3000909|TEM-39 [Escherichia coli] 
Rank_16|Score_38.8704|Feature_f28041221	gb|NG_068214.1|+|100-961|ARO:3000907|TEM-37	100.000	12	0	0	1	12	736	725	2.8	23.3	gb|NG_068214.1|+|100-961|ARO:3000907|TEM-37 [Escherichia coli] 
Rank_16|Score_38.8704|Feature_f28041221	gb|NG_052650.1|+|0-861|ARO:3000906|TEM-36	100.000	12	0	0	1	12	736	725	2.8	23.3	gb|NG_052650.1|+|0-861|ARO:3000906|TEM-36 [Escherichia coli] 
Rank_16|Score_38.8704|Feature_f28041221	gb|NG_050264.1|+|13-874|ARO:3000905|TEM-35	100.000	12	0	0	1	12	736	725	2.8	23.3	gb|NG_050264.1|+|13-874|ARO:3000905|TEM-35 [Escherichia coli] 
Rank_16|Score_38.8704|Feature_f28041221	gb|NG_050261.1|+|100-961|ARO:3000902|TEM-32	100.000	12	0	0	1	12	736	725	2.8	23.3	gb|NG_050261.1|+|100-961|ARO:3000902|TEM-32 [Shigella sonnei] 
Rank_16|Score_38.8704|Feature_f28041221	gb|NG_068213.1|+|100-961|ARO:3000901|TEM-31	100.000	12	0	0	1	12	736	725	2.8	23.3	gb|NG_068213.1|+|100-961|ARO:3000901|TEM-31 [Klebsiella pneumoniae] 
Rank_16|Score_38.8704|Feature_f28041221	gb|NG_056168.1|+|0-861|ARO:3000881|TEM-9	100.000	12	0	0	1	12	736	725	2.8	23.3	gb|NG_056168.1|+|0-861|ARO:3000881|TEM-9 [Escherichia coli] 
Rank_16|Score_38.8704|Feature_f28041221	gb|NG_068215.1|+|100-961|ARO:3000877|TEM-5	100.000	12	0	0	1	12	736	725	2.8	23.3	gb|NG_068215.1|+|100-961|ARO:3000877|TEM-5 [Escherichia coli] 
Rank_16|Score_38.8704|Feature_f28041221	gb|NG_056417.1|+|0-861|ARO:3005261|TEM-230	100.000	12	0	0	1	12	736	725	2.8	23.3	gb|NG_056417.1|+|0-861|ARO:3005261|TEM-230 [Escherichia coli] 
Rank_16|Score_38.8704|Feature_f28041221	gb|NG_056416.1|+|0-861|ARO:3005260|TEM-229	100.000	12	0	0	1	12	736	725	2.8	23.3	gb|NG_056416.1|+|0-861|ARO:3005260|TEM-229 [Bacteria, Viruses, Fungi, and other genome sequence associated with antimicrobial resistance] 
Rank_16|Score_38.8704|Feature_f28041221	gb|NG_068038.1|+|0-861|ARO:3005259|TEM-228	100.000	12	0	0	1	12	736	725	2.8	23.3	gb|NG_068038.1|+|0-861|ARO:3005259|TEM-228 [Neisseria gonorrhoeae] 
Rank_16|Score_38.8704|Feature_f28041221	gb|AM743197.2|-|2076-2937|ARO:3001044|TEM-181	100.000	12	0	0	1	12	736	725	2.8	23.3	gb|AM743197.2|-|2076-2937|ARO:3001044|TEM-181 [Bacteria, Viruses, Fungi, and other genome sequence associated with antimicrobial resistance] 
Rank_16|Score_38.8704|Feature_f28041221	gb|NG_054696.1|+|0-861|ARO:3005258|TEM-227	100.000	12	0	0	1	12	736	725	2.8	23.3	gb|NG_054696.1|+|0-861|ARO:3005258|TEM-227 [Escherichia coli] 
Rank_16|Score_38.8704|Feature_f28041221	gb|NG_057581.1|+|0-861|ARO:3005264|TEM-233	100.000	12	0	0	1	12	736	725	2.8	23.3	gb|NG_057581.1|+|0-861|ARO:3005264|TEM-233 [Escherichia coli] 
Rank_16|Score_38.8704|Feature_f28041221	gb|NG_057472.1|+|0-861|ARO:3005263|TEM-232	100.000	12	0	0	1	12	736	725	2.8	23.3	gb|NG_057472.1|+|0-861|ARO:3005263|TEM-232 [Klebsiella pneumoniae] 
Rank_16|Score_38.8704|Feature_f28041221	gb|NG_056418.1|+|0-861|ARO:3005262|TEM-231	100.000	12	0	0	1	12	736	725	2.8	23.3	gb|NG_056418.1|+|0-861|ARO:3005262|TEM-231 [Escherichia coli] 
Rank_16|Score_38.8704|Feature_f28041221	gb|KM998962.1|+|0-861|ARO:3003158|TEM-220	100.000	12	0	0	1	12	736	725	2.8	23.3	gb|KM998962.1|+|0-861|ARO:3003158|TEM-220 [Neisseria gonorrhoeae] 
Rank_16|Score_38.8704|Feature_f28041221	gb|LK391770.1|+|19707-20568|ARO:3000876|TEM-4	100.000	12	0	0	1	12	736	725	2.8	23.3	gb|LK391770.1|+|19707-20568|ARO:3000876|TEM-4 [Klebsiella pneumoniae] 
Rank_16|Score_38.8704|Feature_f28041221	gb|JQ034306.1|+|0-861|ARO:3001376|TEM-196	100.000	12	0	0	1	12	736	725	2.8	23.3	gb|JQ034306.1|+|0-861|ARO:3001376|TEM-196 [Shigella sonnei] 
Rank_16|Score_38.8704|Feature_f28041221	gb|AF047171.1|+|135-996|ARO:3000929|TEM-60	100.000	12	0	0	1	12	736	725	2.8	23.3	gb|AF047171.1|+|135-996|ARO:3000929|TEM-60 [Providencia stuartii] 
Rank_16|Score_38.8704|Feature_f28041221	gb|AF506748.1|+|38-899|ARO:3000971|TEM-108	100.000	12	0	0	1	12	736	725	2.8	23.3	gb|AF506748.1|+|38-899|ARO:3000971|TEM-108 [Salmonella enterica subsp. enterica serovar Typhimurium] 
Rank_16|Score_38.8704|Feature_f28041221	gb|FJ405211.1|+|0-861|ARO:3000926|TEM-57	100.000	12	0	0	1	12	736	725	2.8	23.3	gb|FJ405211.1|+|0-861|ARO:3000926|TEM-57 [Escherichia coli] 
Rank_16|Score_38.8704|Feature_f28041221	gb|JN254627.1|+|0-861|ARO:3001049|TEM-189	100.000	12	0	0	1	12	736	725	2.8	23.3	gb|JN254627.1|+|0-861|ARO:3001049|TEM-189 [Escherichia coli] 
Rank_16|Score_38.8704|Feature_f28041221	gb|X65253.1|+|175-1036|ARO:3000894|TEM-24	100.000	12	0	0	1	12	736	725	2.8	23.3	gb|X65253.1|+|175-1036|ARO:3000894|TEM-24 [Klebsiella pneumoniae] 
Rank_16|Score_38.8704|Feature_f28041221	gb|KP050492.1|+|0-861|ARO:3001392|TEM-215	100.000	12	0	0	1	12	736	725	2.8	23.3	gb|KP050492.1|+|0-861|ARO:3001392|TEM-215 [Escherichia coli] 
Rank_16|Score_38.8704|Feature_f28041221	gb|AF468003.1|+|0-861|ARO:3000974|TEM-111	100.000	12	0	0	1	12	736	725	2.8	23.3	gb|AF468003.1|+|0-861|ARO:3000974|TEM-111 [Escherichia coli] 
Rank_16|Score_38.8704|Feature_f28041221	gb|JN416112.1|+|0-861|ARO:3001050|TEM-190	100.000	12	0	0	1	12	736	725	2.8	23.3	gb|JN416112.1|+|0-861|ARO:3001050|TEM-190 [Escherichia coli] 
Rank_16|Score_38.8704|Feature_f28041221	gb|AF516720.1|+|214-1075|ARO:3000968|TEM-105	100.000	12	0	0	1	12	736	725	2.8	23.3	gb|AF516720.1|+|214-1075|ARO:3000968|TEM-105 [Escherichia coli] 
Rank_16|Score_38.8704|Feature_f28041221	gb|FJ807656.1|+|0-861|ARO:3001020|TEM-154	100.000	12	0	0	1	12	736	725	2.8	23.3	gb|FJ807656.1|+|0-861|ARO:3001020|TEM-154 [Escherichia coli] 
Rank_16|Score_38.8704|Feature_f28041221	gb|AF190694.1|+|208-1069|ARO:3000942|TEM-76	100.000	12	0	0	1	12	736	725	2.8	23.3	gb|AF190694.1|+|208-1069|ARO:3000942|TEM-76 [Escherichia coli] 
Rank_16|Score_38.8704|Feature_f28041221	gb|FJ360884.1|+|213-1074|ARO:3001033|TEM-167	100.000	12	0	0	1	12	736	725	2.8	23.3	gb|FJ360884.1|+|213-1074|ARO:3001033|TEM-167 [Escherichia coli] 
Rank_16|Score_38.8704|Feature_f28041221	gb|AM183304.1|+|208-1069|ARO:3001017|TEM-150	100.000	12	0	0	1	12	736	725	2.8	23.3	gb|AM183304.1|+|208-1069|ARO:3001017|TEM-150 [Escherichia coli] 
Rank_16|Score_38.8704|Feature_f28041221	gb|KC865667.1|+|183-1044|ARO:3001385|TEM-208	100.000	12	0	0	1	12	736	725	2.8	23.3	gb|KC865667.1|+|183-1044|ARO:3001385|TEM-208 [Escherichia coli] 
Rank_16|Score_38.8704|Feature_f28041221	gb|AJ277415.1|+|0-861|ARO:3000953|TEM-86	100.000	12	0	0	1	12	736	725	2.8	23.3	gb|AJ277415.1|+|0-861|ARO:3000953|TEM-86 [Klebsiella pneumoniae] 
Rank_16|Score_38.8704|Feature_f28041221	gb|AF188199.1|+|214-1075|ARO:3000936|TEM-70	100.000	12	0	0	1	12	736	725	2.8	23.3	gb|AF188199.1|+|214-1075|ARO:3000936|TEM-70 [Escherichia coli] 
Rank_16|Score_38.8704|Feature_f28041221	gb|AF427128.1|+|208-1069|ARO:3000949|TEM-82	100.000	12	0	0	1	12	736	725	2.8	23.3	gb|AF427128.1|+|208-1069|ARO:3000949|TEM-82 [Escherichia coli] 
Rank_16|Score_38.8704|Feature_f28041221	gb|AJ318094.1|+|0-861|ARO:3000961|TEM-94	100.000	12	0	0	1	12	736	725	2.8	23.3	gb|AJ318094.1|+|0-861|ARO:3000961|TEM-94 [Escherichia coli] 
Rank_16|Score_38.8704|Feature_f28041221	gb|X64523.1|-|476-1337|ARO:3000875|TEM-3	100.000	12	0	0	1	12	736	725	2.8	23.3	gb|X64523.1|-|476-1337|ARO:3000875|TEM-3 [Klebsiella pneumoniae] 
Rank_16|Score_38.8704|Feature_f28041221	gb|X65252.1|+|175-1036|ARO:3000880|TEM-8	100.000	12	0	0	1	12	736	725	2.8	23.3	gb|X65252.1|+|175-1036|ARO:3000880|TEM-8 [Klebsiella pneumoniae] 
Rank_16|Score_38.8704|Feature_f28041221	gb|AY436361.1|+|131-992|ARO:3000995|TEM-131	100.000	12	0	0	1	12	736	725	2.8	23.3	gb|AY436361.1|+|131-992|ARO:3000995|TEM-131 [Salmonella enterica subsp. enterica serovar Typhimurium] 
Rank_16|Score_38.8704|Feature_f28041221	gb|DQ279850.1|+|0-861|ARO:3001014|TEM-147	100.000	12	0	0	1	12	736	725	2.8	23.3	gb|DQ279850.1|+|0-861|ARO:3001014|TEM-147 [Pseudomonas aeruginosa] 
Rank_16|Score_38.8704|Feature_f28041221	gb|EU274580.1|+|214-1075|ARO:3001030|TEM-164	100.000	12	0	0	1	12	736	725	2.8	23.3	gb|EU274580.1|+|214-1075|ARO:3001030|TEM-164 [Klebsiella pneumoniae] 
Rank_16|Score_38.8704|Feature_f28041221	gb|Y10280.1|+|0-861|ARO:3000917|TEM-48	100.000	12	0	0	1	12	736	725	2.8	23.3	gb|Y10280.1|+|0-861|ARO:3000917|TEM-48 [Klebsiella pneumoniae] 
Rank_16|Score_38.8704|Feature_f28041221	gb|M88143.1|+|367-1228|ARO:3000884|TEM-12	100.000	12	0	0	1	12	736	725	2.8	23.3	gb|M88143.1|+|367-1228|ARO:3000884|TEM-12 [Klebsiella oxytoca] 
Rank_16|Score_38.8704|Feature_f28041221	gb|JX042489.1|+|141-1002|ARO:3000890|TEM-19	100.000	12	0	0	1	12	736	725	2.8	23.3	gb|JX042489.1|+|141-1002|ARO:3000890|TEM-19 [Acinetobacter baumannii] 
Rank_16|Score_38.8704|Feature_f28041221	gb|AY368236.1|+|0-861|ARO:3000989|TEM-127	100.000	12	0	0	1	12	736	725	2.8	23.3	gb|AY368236.1|+|0-861|ARO:3000989|TEM-127 [Escherichia coli] 
Rank_16|Score_38.8704|Feature_f28041221	gb|AF104441.1|+|193-1054|ARO:3000922|TEM-53	100.000	12	0	0	1	12	736	725	2.8	23.3	gb|AF104441.1|+|193-1054|ARO:3000922|TEM-53 [Klebsiella pneumoniae] 
Rank_16|Score_38.8704|Feature_f28041221	gb|AF495873.1|+|0-861|ARO:3000964|TEM-101	100.000	12	0	0	1	12	736	725	2.8	23.3	gb|AF495873.1|+|0-861|ARO:3000964|TEM-101 [Escherichia coli] 
Rank_16|Score_38.8704|Feature_f28041221	gb|FR848831.1|+|0-861|ARO:3001375|TEM-184	100.000	12	0	0	1	12	736	725	2.8	23.3	gb|FR848831.1|+|0-861|ARO:3001375|TEM-184 [Escherichia coli] 
Rank_16|Score_38.8704|Feature_f28041221	gb|AF535127.1|+|208-1069|ARO:3000978|TEM-115	100.000	12	0	0	1	12	736	725	2.8	23.3	gb|AF535127.1|+|208-1069|ARO:3000978|TEM-115 [Klebsiella pneumoniae] 
Rank_16|Score_38.8704|Feature_f28041221	gb|AJ634602.1|-|7839-8700|ARO:3000999|TEM-135	100.000	12	0	0	1	12	736	725	2.8	23.3	gb|AJ634602.1|-|7839-8700|ARO:3000999|TEM-135 [Salmonella enterica subsp. enterica serovar Typhimurium] 
Rank_16|Score_38.8704|Feature_f28041221	gb|DQ075245.1|+|217-1078|ARO:3001006|TEM-143	100.000	12	0	0	1	12	736	725	2.8	23.3	gb|DQ075245.1|+|217-1078|ARO:3001006|TEM-143 [Escherichia coli] 
Rank_16|Score_38.8704|Feature_f28041221	gb|KF513179.1|+|0-861|ARO:3001388|TEM-211	100.000	12	0	0	1	12	736	725	2.8	23.3	gb|KF513179.1|+|0-861|ARO:3001388|TEM-211 [Proteus mirabilis] 
Rank_16|Score_38.8704|Feature_f28041221	gb|AF347054.1|+|208-1069|ARO:3000947|TEM-80	100.000	12	0	0	1	12	736	725	2.8	23.3	gb|AF347054.1|+|208-1069|ARO:3000947|TEM-80 [Enterobacter cloacae] 
Rank_16|Score_38.8704|Feature_f28041221	gb|AY130282.1|+|0-762|ARO:3000980|TEM-117	100.000	12	0	0	1	12	700	689	2.8	23.3	gb|AY130282.1|+|0-762|ARO:3000980|TEM-117 [Escherichia coli] Partial
Rank_16|Score_38.8704|Feature_f28041221	gb|DQ072853.1|+|0-861|ARO:3001003|TEM-139	100.000	12	0	0	1	12	736	725	2.8	23.3	gb|DQ072853.1|+|0-861|ARO:3001003|TEM-139 [Klebsiella pneumoniae] 
Rank_16|Score_38.8704|Feature_f28041221	gb|HQ877606.1|+|0-861|ARO:3001056|TEM-197	100.000	12	0	0	1	12	736	725	2.8	23.3	gb|HQ877606.1|+|0-861|ARO:3001056|TEM-197 [Klebsiella pneumoniae] 
Rank_16|Score_38.8704|Feature_f28041221	gb|JN935136.1|+|0-861|ARO:3001054|TEM-194	100.000	12	0	0	1	12	736	725	2.8	23.3	gb|JN935136.1|+|0-861|ARO:3001054|TEM-194 [Acinetobacter baumannii] 
Rank_16|Score_38.8704|Feature_f28041221	gb|AF427127.1|+|208-1069|ARO:3000948|TEM-81	100.000	12	0	0	1	12	736	725	2.8	23.3	gb|AF427127.1|+|208-1069|ARO:3000948|TEM-81 [Escherichia coli] 
Rank_16|Score_38.8704|Feature_f28041221	gb|AJ866988.1|+|0-861|ARO:3000994|TEM-130	100.000	12	0	0	1	12	736	725	2.8	23.3	gb|AJ866988.1|+|0-861|ARO:3000994|TEM-130 [Klebsiella pneumoniae] 
Rank_16|Score_38.8704|Feature_f28041221	gb|FJ919776.1|+|208-1069|ARO:3001034|TEM-168	100.000	12	0	0	1	12	736	725	2.8	23.3	gb|FJ919776.1|+|208-1069|ARO:3001034|TEM-168 [Escherichia coli] 
Rank_16|Score_38.8704|Feature_f28041221	gb|EF136377.1|+|0-861|ARO:3001026|TEM-160	100.000	12	0	0	1	12	736	725	2.8	23.3	gb|EF136377.1|+|0-861|ARO:3001026|TEM-160 [Proteus mirabilis] 
Rank_16|Score_38.8704|Feature_f28041221	gb|AY130284.1|+|0-783|ARO:3000941|TEM-75	100.000	12	0	0	1	12	700	689	2.8	23.3	gb|AY130284.1|+|0-783|ARO:3000941|TEM-75 [Klebsiella pneumoniae] Partial
Rank_16|Score_38.8704|Feature_f28041221	gb|DQ909059.1|+|0-861|ARO:3001023|TEM-157	100.000	12	0	0	1	12	736	725	2.8	23.3	gb|DQ909059.1|+|0-861|ARO:3001023|TEM-157 [Enterobacter cloacae] 
Rank_16|Score_38.8704|Feature_f28041221	gb|KF944358.1|+|0-861|ARO:3001393|TEM-216	100.000	12	0	0	1	12	736	725	2.8	23.3	gb|KF944358.1|+|0-861|ARO:3001393|TEM-216 [Escherichia coli] 
Rank_16|Score_38.8704|Feature_f28041221	gb|FR717535.1|+|0-861|ARO:3000910|TEM-40	100.000	12	0	0	1	12	736	725	2.8	23.3	gb|FR717535.1|+|0-861|ARO:3000910|TEM-40 [Escherichia coli] 
Rank_16|Score_38.8704|Feature_f28041221	gb|AM849805.1|+|262-1123|ARO:3000886|TEM-15	100.000	12	0	0	1	12	736	725	2.8	23.3	gb|AM849805.1|+|262-1123|ARO:3000886|TEM-15 [Haemophilus parainfluenzae] 
Rank_16|Score_38.8704|Feature_f28041221	gb|AJ277414.1|+|0-861|ARO:3000952|TEM-85	100.000	12	0	0	1	12	736	725	2.8	23.3	gb|AJ277414.1|+|0-861|ARO:3000952|TEM-85 [Klebsiella pneumoniae] 
Rank_16|Score_38.8704|Feature_f28041221	gb|JN935135.1|+|0-861|ARO:3001053|TEM-193	100.000	12	0	0	1	12	736	725	2.8	23.3	gb|JN935135.1|+|0-861|ARO:3001053|TEM-193 [Acinetobacter baumannii] 
Rank_16|Score_38.8704|Feature_f28041221	gb|DQ369751.1|+|0-861|ARO:3001016|TEM-149	100.000	12	0	0	1	12	736	725	2.8	23.3	gb|DQ369751.1|+|0-861|ARO:3001016|TEM-149 [Klebsiella aerogenes] 
Rank_16|Score_38.8704|Feature_f28041221	gb|AJ318093.1|+|0-861|ARO:3000960|TEM-93	100.000	12	0	0	1	12	736	725	2.8	23.3	gb|AJ318093.1|+|0-861|ARO:3000960|TEM-93 [Escherichia coli] 
Rank_16|Score_38.8704|Feature_f28041221	gb|FN652295.1|+|0-861|ARO:3001042|TEM-177	100.000	12	0	0	1	12	736	725	2.8	23.3	gb|FN652295.1|+|0-861|ARO:3001042|TEM-177 [Proteus mirabilis] 
Rank_16|Score_38.8704|Feature_f28041221	gb|AY956335.1|+|38-899|ARO:3001004|TEM-141	100.000	12	0	0	1	12	736	725	2.8	23.3	gb|AY956335.1|+|38-899|ARO:3001004|TEM-141 [Enterobacter cloacae] 
Rank_16|Score_38.8704|Feature_f28041221	gb|AF516719.1|+|214-1075|ARO:3000967|TEM-104	100.000	12	0	0	1	12	736	725	2.8	23.3	gb|AF516719.1|+|214-1075|ARO:3000967|TEM-104 [Klebsiella pneumoniae] 
Rank_16|Score_38.8704|Feature_f28041221	gb|X95401.1|+|208-1069|ARO:3000914|TEM-45	100.000	12	0	0	1	12	736	725	2.8	23.3	gb|X95401.1|+|208-1069|ARO:3000914|TEM-45 [Escherichia coli] 
Rank_16|Score_38.8704|Feature_f28041221	gb|AY589495.1|+|181-1042|ARO:3000977|TEM-114	100.000	12	0	0	1	12	736	725	2.8	23.3	gb|AY589495.1|+|181-1042|ARO:3000977|TEM-114 [Klebsiella aerogenes] 
Rank_16|Score_38.8704|Feature_f28041221	gb|AM049399.1|+|0-861|ARO:3001007|TEM-144	100.000	12	0	0	1	12	736	725	2.8	23.3	gb|AM049399.1|+|0-861|ARO:3001007|TEM-144 [Salmonella enterica subsp. enterica serovar Derby] 
Rank_16|Score_38.8704|Feature_f28041221	gb|X97254.1|+|153-1011|ARO:3001043|TEM-178	100.000	12	0	0	1	12	733	722	2.8	23.3	gb|X97254.1|+|153-1011|ARO:3001043|TEM-178 [Serratia marcescens] 
Rank_16|Score_38.8704|Feature_f28041221	gb|KM114268.1|+|0-861|ARO:3003157|TEM-219	100.000	12	0	0	1	12	736	725	2.8	23.3	gb|KM114268.1|+|0-861|ARO:3003157|TEM-219 [Escherichia coli] 
Rank_16|Score_38.8704|Feature_f28041221	gb|AY574271.1|+|0-861|ARO:3000998|TEM-134	100.000	12	0	0	1	12	736	725	2.8	23.3	gb|AY574271.1|+|0-861|ARO:3000998|TEM-134 [Citrobacter koseri] 
Rank_16|Score_38.8704|Feature_f28041221	gb|AF104442.1|+|193-1054|ARO:3000923|TEM-54	100.000	12	0	0	1	12	736	725	2.8	23.3	gb|AF104442.1|+|193-1054|ARO:3000923|TEM-54 [Escherichia coli] 
Rank_16|Score_38.8704|Feature_f28041221	gb|AJ746225.1|+|0-861|ARO:3000993|TEM-129	100.000	12	0	0	1	12	736	725	2.8	23.3	gb|AJ746225.1|+|0-861|ARO:3000993|TEM-129 [Klebsiella oxytoca] 
Rank_16|Score_38.8704|Feature_f28041221	gb|DQ105529.2|+|0-861|ARO:3001013|TEM-146	100.000	12	0	0	1	12	736	725	2.8	23.3	gb|DQ105529.2|+|0-861|ARO:3001013|TEM-146 [Escherichia coli] 
Rank_16|Score_38.8704|Feature_f28041221	gb|AM941159.1|+|208-1069|ARO:3001022|TEM-156	100.000	12	0	0	1	12	736	725	2.8	23.3	gb|AM941159.1|+|208-1069|ARO:3001022|TEM-156 [Proteus mirabilis] 
Rank_16|Score_38.8704|Feature_f28041221	gb|AF351241.1|+|89-950|ARO:3000957|TEM-90	100.000	12	0	0	1	12	736	725	2.8	23.3	gb|AF351241.1|+|89-950|ARO:3000957|TEM-90 [Escherichia coli] 
Rank_16|Score_38.8704|Feature_f28041221	gb|JN227084.1|+|308-1169|ARO:3001046|TEM-186	100.000	12	0	0	1	12	736	725	2.8	23.3	gb|JN227084.1|+|308-1169|ARO:3001046|TEM-186 [Escherichia coli] 
Rank_16|Score_38.8704|Feature_f28041221	gb|AF190692.1|+|208-1069|ARO:3000946|TEM-79	100.000	12	0	0	1	12	736	725	2.8	23.3	gb|AF190692.1|+|208-1069|ARO:3000946|TEM-79 [Escherichia coli] 
Rank_16|Score_38.8704|Feature_f28041221	gb|FJ873740.1|+|0-858|ARO:3001035|TEM-169	100.000	12	0	0	1	12	736	725	2.8	23.3	gb|FJ873740.1|+|0-858|ARO:3001035|TEM-169 [Salmonella enterica subsp. enterica serovar Infantis] Partial
Rank_16|Score_38.8704|Feature_f28041221	gb|Y17581.1|+|78-936|ARO:3000891|TEM-20	100.000	12	0	0	1	12	736	725	2.8	23.3	gb|Y17581.1|+|78-936|ARO:3000891|TEM-20 [Klebsiella pneumoniae] Partial
Rank_16|Score_38.8704|Feature_f28041221	gb|AY130285.1|+|0-783|ARO:3000981|TEM-118	100.000	12	0	0	1	12	700	689	2.8	23.3	gb|AY130285.1|+|0-783|ARO:3000981|TEM-118 [Klebsiella oxytoca] Partial
Rank_16|Score_38.8704|Feature_f28041221	gb|AY826417.1|+|0-861|ARO:3001000|TEM-136	100.000	12	0	0	1	12	736	725	2.8	23.3	gb|AY826417.1|+|0-861|ARO:3001000|TEM-136 [Klebsiella pneumoniae] 
Rank_16|Score_38.8704|Feature_f28041221	gb|U37195.1|+|75-936|ARO:3000898|TEM-28	100.000	12	0	0	1	12	736	725	2.8	23.3	gb|U37195.1|+|75-936|ARO:3000898|TEM-28 [Escherichia coli] 
Rank_16|Score_38.8704|Feature_f28041221	gb|Y17584.1|+|0-858|ARO:3000899|TEM-29	100.000	12	0	0	1	12	736	725	2.8	23.3	gb|Y17584.1|+|0-858|ARO:3000899|TEM-29 [Escherichia coli] Partial
Rank_16|Score_38.8704|Feature_f28041221	gb|KF240808.1|+|0-861|ARO:3001386|TEM-209	100.000	12	0	0	1	12	736	725	2.8	23.3	gb|KF240808.1|+|0-861|ARO:3001386|TEM-209 [Klebsiella pneumoniae] 
Rank_16|Score_38.8704|Feature_f28041221	gb|KC149518.1|+|0-861|ARO:3001369|TEM-153	100.000	12	0	0	1	12	736	725	2.8	23.3	gb|KC149518.1|+|0-861|ARO:3001369|TEM-153 [Escherichia coli] 
Rank_16|Score_38.8704|Feature_f28041221	gb|AY092401.1|+|0-861|ARO:3000963|TEM-96	100.000	12	0	0	1	12	736	725	2.8	23.3	gb|AY092401.1|+|0-861|ARO:3000963|TEM-96 [Escherichia coli] 
Rank_16|Score_38.8704|Feature_f28041221	gb|AM286274.1|+|0-861|ARO:3001001|TEM-137	100.000	12	0	0	1	12	736	725	2.8	23.3	gb|AM286274.1|+|0-861|ARO:3001001|TEM-137 [Shigella sonnei] 
Rank_16|Score_38.8704|Feature_f28041221	gb|AY027590.1|+|112-973|ARO:3000955|TEM-88	100.000	12	0	0	1	12	736	725	2.8	23.3	gb|AY027590.1|+|112-973|ARO:3000955|TEM-88 [Klebsiella pneumoniae] 
Rank_16|Score_38.8704|Feature_f28041221	gb|AY628176.1|+|75-936|ARO:3000987|TEM-125	100.000	12	0	0	1	12	736	725	2.8	23.3	gb|AY628176.1|+|75-936|ARO:3000987|TEM-125 [Escherichia coli] 
Rank_16|Score_38.8704|Feature_f28041221	gb|DQ834728.1|+|205-1066|ARO:3001019|TEM-152	100.000	12	0	0	1	12	736	725	2.8	23.3	gb|DQ834728.1|+|205-1066|ARO:3001019|TEM-152 [Escherichia coli] 
Rank_16|Score_38.8704|Feature_f28041221	gb|Y10281.1|+|0-861|ARO:3000918|TEM-49	100.000	12	0	0	1	12	736	725	2.8	23.3	gb|Y10281.1|+|0-861|ARO:3000918|TEM-49 [Escherichia coli] 
Rank_16|Score_38.8704|Feature_f28041221	gb|AF332513.1|+|103-964|ARO:3000931|TEM-63	100.000	12	0	0	1	12	736	725	2.8	23.3	gb|AF332513.1|+|103-964|ARO:3000931|TEM-63 [Escherichia coli] 
Rank_16|Score_38.8704|Feature_f28041221	gb|JF795538.1|+|0-861|ARO:3001374|TEM-185	100.000	12	0	0	1	12	736	725	2.8	23.3	gb|JF795538.1|+|0-861|ARO:3001374|TEM-185 [Escherichia coli] 
Rank_16|Score_38.8704|Feature_f28041221	gb|DQ388882.1|+|0-861|ARO:3001005|TEM-142	100.000	12	0	0	1	12	736	725	2.8	23.3	gb|DQ388882.1|+|0-861|ARO:3001005|TEM-142 [Escherichia coli] 
Rank_16|Score_38.8704|Feature_f28041221	gb|EU815939.1|+|0-861|ARO:3001029|TEM-163	100.000	12	0	0	1	12	736	725	2.8	23.3	gb|EU815939.1|+|0-861|ARO:3001029|TEM-163 [Escherichia coli] 
Rank_16|Score_38.8704|Feature_f28041221	gb|AJ239002.1|+|0-861|ARO:3000935|TEM-68	100.000	12	0	0	1	12	736	725	2.8	23.3	gb|AJ239002.1|+|0-861|ARO:3000935|TEM-68 [Klebsiella pneumoniae] 
Rank_16|Score_38.8704|Feature_f28041221	gb|AF427129.1|+|208-1069|ARO:3000950|TEM-83	100.000	12	0	0	1	12	736	725	2.8	23.3	gb|AF427129.1|+|208-1069|ARO:3000950|TEM-83 [Escherichia coli] 
Rank_16|Score_38.8704|Feature_f28041221	gb|AY589494.1|+|193-1054|ARO:3000976|TEM-113	100.000	12	0	0	1	12	736	725	2.8	23.3	gb|AY589494.1|+|193-1054|ARO:3000976|TEM-113 [Proteus mirabilis] 
Rank_16|Score_38.8704|Feature_f28041221	gb|NG_050256.1|+|100-961|ARO:3000896|TEM-26	100.000	12	0	0	1	12	736	725	2.8	23.3	gb|NG_050256.1|+|100-961|ARO:3000896|TEM-26 [Enterobacter kobei] 
Rank_16|Score_38.8704|Feature_f28041221	gb|GQ149347.1|+|5269-6130|ARO:3001037|TEM-171	100.000	12	0	0	1	12	736	725	2.8	23.3	gb|GQ149347.1|+|5269-6130|ARO:3001037|TEM-171 [Escherichia coli] 
Rank_16|Score_38.8704|Feature_f28041221	gb|DQ286729.1|+|0-861|ARO:3000924|TEM-55	100.000	12	0	0	1	12	736	725	2.8	23.3	gb|DQ286729.1|+|0-861|ARO:3000924|TEM-55 [Escherichia coli] 
Rank_16|Score_38.8704|Feature_f28041221	gb|X57972.1|+|339-1200|ARO:3000878|TEM-6	100.000	12	0	0	1	12	736	725	2.8	23.3	gb|X57972.1|+|339-1200|ARO:3000878|TEM-6 [Escherichia coli] 
Rank_16|Score_38.8704|Feature_f28041221	gb|HG934763.1|+|0-861|ARO:3001394|TEM-217	100.000	12	0	0	1	12	736	725	2.8	23.3	gb|HG934763.1|+|0-861|ARO:3001394|TEM-217 [Enterobacter cloacae] 
Rank_16|Score_38.8704|Feature_f28041221	gb|AJ437107.1|+|208-1069|ARO:3000900|TEM-30	100.000	12	0	0	1	12	736	725	2.8	23.3	gb|AJ437107.1|+|208-1069|ARO:3000900|TEM-30 [Escherichia coli] 
Rank_16|Score_38.8704|Feature_f28041221	gb|KF663615.1|+|0-858|ARO:3001390|TEM-213	100.000	12	0	0	1	12	736	725	2.8	23.3	gb|KF663615.1|+|0-858|ARO:3001390|TEM-213 [Pseudomonas aeruginosa] Partial
Rank_16|Score_38.8704|Feature_f28041221	gb|KC900516.1|+|0-858|ARO:3001382|TEM-205	100.000	12	0	0	1	12	736	725	2.8	23.3	gb|KC900516.1|+|0-858|ARO:3001382|TEM-205 [Pseudomonas aeruginosa] Partial
Rank_16|Score_38.8704|Feature_f28041221	gb|EF136376.1|+|0-861|ARO:3001025|TEM-159	100.000	12	0	0	1	12	736	725	2.8	23.3	gb|EF136376.1|+|0-861|ARO:3001025|TEM-159 [Proteus mirabilis] 
Rank_16|Score_38.8704|Feature_f28041221	gb|AY243512.1|+|208-1069|ARO:3000982|TEM-120	100.000	12	0	0	1	12	736	725	2.8	23.3	gb|AY243512.1|+|208-1069|ARO:3000982|TEM-120 [Klebsiella oxytoca] 
Rank_16|Score_38.8704|Feature_f28041221	gb|AF093512.1|+|197-1058|ARO:3000882|TEM-10	100.000	12	0	0	1	12	736	725	2.8	23.3	gb|AF093512.1|+|197-1058|ARO:3000882|TEM-10 [Morganella morganii] 
Rank_16|Score_38.8704|Feature_f28041221	gb|EF468463.1|+|66-927|ARO:3001028|TEM-162	100.000	12	0	0	1	12	736	725	2.8	23.3	gb|EF468463.1|+|66-927|ARO:3001028|TEM-162 [Acinetobacter haemolyticus] 
Rank_16|Score_38.8704|Feature_f28041221	gb|AY039040.1|+|188-1022|ARO:3000956|TEM-89	100.000	12	0	0	1	12	736	725	2.8	23.3	gb|AY039040.1|+|188-1022|ARO:3000956|TEM-89 [Proteus mirabilis] Partial
Rank_16|Score_38.8704|Feature_f28041221	gb|Y17582.1|+|0-858|ARO:3000892|TEM-21	100.000	12	0	0	1	12	736	725	2.8	23.3	gb|Y17582.1|+|0-858|ARO:3000892|TEM-21 [Klebsiella pneumoniae] Partial
Rank_16|Score_38.8704|Feature_f28041221	gb|JX310327.1|+|0-861|ARO:3001378|TEM-201	100.000	12	0	0	1	12	736	725	2.8	23.3	gb|JX310327.1|+|0-861|ARO:3001378|TEM-201 [Escherichia coli] 
Rank_16|Score_38.8704|Feature_f28041221	gb|DQ105528.2|+|0-861|ARO:3001012|TEM-145	100.000	12	0	0	1	12	736	725	2.8	23.3	gb|DQ105528.2|+|0-861|ARO:3001012|TEM-145 [Escherichia coli] 
Rank_16|Score_38.8704|Feature_f28041221	gb|AJ012256.1|+|208-1069|ARO:3000939|TEM-73	100.000	12	0	0	1	12	736	725	2.8	23.3	gb|AJ012256.1|+|208-1069|ARO:3000939|TEM-73 [Proteus mirabilis] 
Rank_16|Score_38.8704|Feature_f28041221	gb|AY072920.1|+|0-861|ARO:3000973|TEM-110	100.000	12	0	0	1	12	736	725	2.8	23.3	gb|AY072920.1|+|0-861|ARO:3000973|TEM-110 [Klebsiella pneumoniae] 
Rank_16|Score_38.8704|Feature_f28041221	gb|HM246246.1|+|211-1069|ARO:3001047|TEM-187	100.000	12	0	0	1	12	736	725	2.8	23.3	gb|HM246246.1|+|211-1069|ARO:3001047|TEM-187 [Proteus mirabilis] 
Rank_16|Score_38.8704|Feature_f28041221	gb|AY101764.1|+|206-1067|ARO:3000970|TEM-107	100.000	12	0	0	1	12	736	725	2.8	23.3	gb|AY101764.1|+|206-1067|ARO:3000970|TEM-107 [Klebsiella pneumoniae] 
Rank_16|Score_38.8704|Feature_f28041221	gb|AY101578.1|+|214-1075|ARO:3000969|TEM-106	100.000	12	0	0	1	12	736	725	2.8	23.3	gb|AY101578.1|+|214-1075|ARO:3000969|TEM-106 [Escherichia coli] 
Rank_16|Score_38.8704|Feature_f28041221	gb|AY528425.1|+|0-861|ARO:3000997|TEM-133	100.000	12	0	0	1	12	736	725	2.8	23.3	gb|AY528425.1|+|0-861|ARO:3000997|TEM-133 [Klebsiella pneumoniae] 
Rank_16|Score_38.8704|Feature_f28041221	gb|AJ308558.1|+|181-1042|ARO:3000962|TEM-95	100.000	12	0	0	1	12	736	725	2.8	23.3	gb|AJ308558.1|+|181-1042|ARO:3000962|TEM-95 [Escherichia coli] 
Rank_16|Score_38.8704|Feature_f28041221	gb|Y13612.1|+|0-861|ARO:3000921|TEM-52	100.000	12	0	0	1	12	736	725	2.8	23.3	gb|Y13612.1|+|0-861|ARO:3000921|TEM-52 [Klebsiella pneumoniae] 
Rank_16|Score_38.8704|Feature_f28041221	gb|AF427130.1|+|208-1069|ARO:3000951|TEM-84	100.000	12	0	0	1	12	736	725	2.8	23.3	gb|AF427130.1|+|208-1069|ARO:3000951|TEM-84 [Escherichia coli] 
Rank_16|Score_38.8704|Feature_f28041221	gb|JN211012.1|+|213-1074|ARO:3001048|TEM-188	100.000	12	0	0	1	12	736	725	2.8	23.3	gb|JN211012.1|+|213-1074|ARO:3001048|TEM-188 [Salmonella enterica] 
Rank_16|Score_38.8704|Feature_f28041221	gb|KY432484.1|+|0-861|ARO:3001051|TEM-191	100.000	12	0	0	1	12	736	725	2.8	23.3	gb|KY432484.1|+|0-861|ARO:3001051|TEM-191 [Acinetobacter baumannii] 
Rank_16|Score_38.8704|Feature_f28041221	gb|AY368237.1|+|0-861|ARO:3000990|TEM-128	100.000	12	0	0	1	12	736	725	2.8	23.3	gb|AY368237.1|+|0-861|ARO:3000990|TEM-128 [Escherichia coli] 
Rank_16|Score_38.8704|Feature_f28041221	gb|DQ834729.1|+|205-1066|ARO:3001018|TEM-151	100.000	12	0	0	1	12	736	725	2.8	23.3	gb|DQ834729.1|+|205-1066|ARO:3001018|TEM-151 [Escherichia coli] 
Rank_16|Score_38.8704|Feature_f28041221	gb|AF162694.1|+|1410-2442|ARO:3000368|vanC	100.000	12	0	0	3	14	173	184	2.8	23.3	gb|AF162694.1|+|1410-2442|ARO:3000368|vanC [Enterococcus gallinarum] 
Rank_16|Score_38.8704|Feature_f28041221	gb|Y17583.1|+|213-1071|ARO:3000893|TEM-22	100.000	12	0	0	1	12	736	725	2.8	23.3	gb|Y17583.1|+|213-1071|ARO:3000893|TEM-22 [Klebsiella pneumoniae] Partial
Rank_16|Score_38.8704|Feature_f28041221	gb|HQ317449.1|+|0-861|ARO:3001373|TEM-182	100.000	12	0	0	1	12	736	725	2.8	23.3	gb|HQ317449.1|+|0-861|ARO:3001373|TEM-182 [Haemophilus parainfluenzae] 
Rank_16|Score_38.8704|Feature_f28041221	gb|X54606.1|+|214-1075|ARO:3000874|TEM-2	100.000	12	0	0	1	12	736	725	2.8	23.3	gb|X54606.1|+|214-1075|ARO:3000874|TEM-2 [Pseudomonas aeruginosa] 
Rank_16|Score_38.8704|Feature_f28041221	gb|GU371926.1|-|50304-51165|ARO:3000903|TEM-33	100.000	12	0	0	1	12	736	725	2.8	23.3	gb|GU371926.1|-|50304-51165|ARO:3000903|TEM-33 [Escherichia coli] 
Rank_16|Score_38.8704|Feature_f28041221	gb|AF203816.1|+|210-1071|ARO:3000937|TEM-71	100.000	12	0	0	1	12	736	725	2.8	23.3	gb|AF203816.1|+|210-1071|ARO:3000937|TEM-71 [Klebsiella pneumoniae] 
Rank_16|Score_38.8704|Feature_f28041221	gb|KP050491.1|+|0-861|ARO:3001391|TEM-214	100.000	12	0	0	1	12	736	725	2.8	23.3	gb|KP050491.1|+|0-861|ARO:3001391|TEM-214 [Escherichia coli] 
Rank_16|Score_38.8704|Feature_f28041221	gb|AY307100.1|+|0-861|ARO:3000984|TEM-122	100.000	12	0	0	1	12	736	725	2.8	23.3	gb|AY307100.1|+|0-861|ARO:3000984|TEM-122 [Escherichia coli] 
Rank_16|Score_38.8704|Feature_f28041221	gb|DQ679961.1|+|114-975|ARO:3001021|TEM-155	100.000	12	0	0	1	12	736	725	2.8	23.3	gb|DQ679961.1|+|114-975|ARO:3001021|TEM-155 [Proteus mirabilis] 
Rank_16|Score_38.8704|Feature_f28041221	gb|AY589493.1|+|166-1027|ARO:3000975|TEM-112	100.000	12	0	0	1	12	736	725	2.8	23.3	gb|AY589493.1|+|166-1027|ARO:3000975|TEM-112 [Escherichia coli] 
Rank_16|Score_38.8704|Feature_f28041221	gb|FJ197316.1|+|0-861|ARO:3001032|TEM-166	100.000	12	0	0	1	12	736	725	2.8	23.3	gb|FJ197316.1|+|0-861|ARO:3001032|TEM-166 [Escherichia coli] 
Rank_16|Score_38.8704|Feature_f28041221	gb|AM087454.1|+|208-1069|ARO:3001015|TEM-148	100.000	12	0	0	1	12	736	725	2.8	23.3	gb|AM087454.1|+|208-1069|ARO:3001015|TEM-148 [Escherichia coli] 
Rank_16|Score_38.8704|Feature_f28041221	gb|GU550123.1|+|144-1005|ARO:3001041|TEM-176	100.000	12	0	0	1	12	736	725	2.8	23.3	gb|GU550123.1|+|144-1005|ARO:3001041|TEM-176 [Escherichia coli] 
Rank_16|Score_38.8704|Feature_f28041221	gb|KC818234.1|+|0-861|ARO:3001384|TEM-207	100.000	12	0	0	1	12	736	725	2.8	23.3	gb|KC818234.1|+|0-861|ARO:3001384|TEM-207 [Escherichia coli] 
Rank_16|Score_38.8704|Feature_f28041221	gb|Y14574.2|+|0-861|ARO:3000888|TEM-17	100.000	12	0	0	1	12	736	725	2.8	23.3	gb|Y14574.2|+|0-861|ARO:3000888|TEM-17 [Capnocytophaga ochracea] 
Rank_16|Score_38.8704|Feature_f28041221	gb|AF091113.2|+|450-1311|ARO:3000934|TEM-67	100.000	12	0	0	1	12	736	725	2.8	23.3	gb|AF091113.2|+|450-1311|ARO:3000934|TEM-67 [Proteus mirabilis] 
Rank_16|Score_38.8704|Feature_f28041221	gb|AY874537.1|+|177-1038|ARO:3000883|TEM-11	100.000	12	0	0	1	12	736	725	2.8	23.3	gb|AY874537.1|+|177-1038|ARO:3000883|TEM-11 [Proteus mirabilis] 
Rank_16|Score_38.8704|Feature_f28041221	gb|AB049569.1|+|0-861|ARO:3000958|TEM-91	100.000	12	0	0	1	12	736	725	2.8	23.3	gb|AB049569.1|+|0-861|ARO:3000958|TEM-91 [Escherichia coli] 
Rank_16|Score_38.8704|Feature_f28041221	gb|EF534736.1|+|213-1074|ARO:3001024|TEM-158	100.000	12	0	0	1	12	736	725	2.8	23.3	gb|EF534736.1|+|213-1074|ARO:3001024|TEM-158 [Escherichia coli] 
Rank_16|Score_38.8704|Feature_f28041221	gb|AF143804.1|+|0-861|ARO:3000959|TEM-92	100.000	12	0	0	1	12	736	725	2.8	23.3	gb|AF143804.1|+|0-861|ARO:3000959|TEM-92 [Proteus mirabilis] 
Rank_16|Score_38.8704|Feature_f28041221	gb|KC783461.1|+|0-861|ARO:3001383|TEM-206	100.000	12	0	0	1	12	736	725	2.8	23.3	gb|KC783461.1|+|0-861|ARO:3001383|TEM-206 [Escherichia coli] 
Rank_16|Score_38.8704|Feature_f28041221	gb|AY853593.1|+|214-1075|ARO:3001002|TEM-138	100.000	12	0	0	1	12	736	725	2.8	23.3	gb|AY853593.1|+|214-1075|ARO:3001002|TEM-138 [Salmonella enterica] 
Rank_16|Score_38.8704|Feature_f28041221	gb|AY271267.1|+|0-861|ARO:3000983|TEM-121	100.000	12	0	0	1	12	736	725	2.8	23.3	gb|AY271267.1|+|0-861|ARO:3000983|TEM-121 [Escherichia coli] 
Rank_16|Score_38.8704|Feature_f28041221	gb|AF190693.1|+|208-1069|ARO:3000944|TEM-78	100.000	12	0	0	1	12	736	725	2.8	23.3	gb|AF190693.1|+|208-1069|ARO:3000944|TEM-78 [Escherichia coli] 
Rank_16|Score_38.8704|Feature_f28041221	gb|JN935137.1|+|0-861|ARO:3001055|TEM-195	100.000	12	0	0	1	12	736	725	2.8	23.3	gb|JN935137.1|+|0-861|ARO:3001055|TEM-195 [Acinetobacter baumannii] 
Rank_16|Score_38.8704|Feature_f28041221	gb|AB700703.1|+|161-1022|ARO:3001057|TEM-198	100.000	12	0	0	1	12	736	725	2.8	23.3	gb|AB700703.1|+|161-1022|ARO:3001057|TEM-198 [Klebsiella pneumoniae] 
Rank_16|Score_38.8704|Feature_f28041221	gb|HQ529916.1|+|110-971|ARO:3001045|TEM-183	100.000	12	0	0	1	12	736	725	2.8	23.3	gb|HQ529916.1|+|110-971|ARO:3001045|TEM-183 [Klebsiella pneumoniae] 
Rank_16|Score_38.8704|Feature_f28041221	gb|AF250872.1|+|0-861|ARO:3000954|TEM-87	100.000	12	0	0	1	12	736	725	2.8	23.3	gb|AF250872.1|+|0-861|ARO:3000954|TEM-87 [Proteus mirabilis] 
Rank_16|Score_38.8704|Feature_f28041221	gb|U95363.2|+|0-861|ARO:3000912|TEM-43	100.000	12	0	0	1	12	736	725	2.8	23.3	gb|U95363.2|+|0-861|ARO:3000912|TEM-43 [Klebsiella pneumoniae] 
Rank_16|Score_38.8704|Feature_f28041221	gb|AY628175.1|+|210-1071|ARO:3000972|TEM-109	100.000	12	0	0	1	12	736	725	2.8	23.3	gb|AY628175.1|+|210-1071|ARO:3000972|TEM-109 [Escherichia coli] 
Rank_16|Score_38.8704|Feature_f28041221	gb|U36911.1|+|1429-2290|ARO:3000979|TEM-116	100.000	12	0	0	1	12	736	725	2.8	23.3	gb|U36911.1|+|1429-2290|ARO:3000979|TEM-116 [Staphylococcus aureus] 
Rank_16|Score_38.8704|Feature_f28041221	gb|AY040093.1|+|68-929|ARO:3000965|TEM-102	100.000	12	0	0	1	12	736	725	2.8	23.3	gb|AY040093.1|+|68-929|ARO:3000965|TEM-102 [Plasmid pWW100] 
Rank_16|Score_38.8704|Feature_f28041221	gb|X65254.1|+|175-1036|ARO:3000887|TEM-16	100.000	12	0	0	1	12	736	725	2.8	23.3	gb|X65254.1|+|175-1036|ARO:3000887|TEM-16 [Klebsiella pneumoniae] 
Rank_16|Score_38.8704|Feature_f28041221	gb|Y10279.1|+|0-861|ARO:3000916|TEM-47	100.000	12	0	0	1	12	736	725	2.8	23.3	gb|Y10279.1|+|0-861|ARO:3000916|TEM-47 [Klebsiella pneumoniae] 
Rank_16|Score_38.8704|Feature_f28041221	gb|AY491682.1|+|0-861|ARO:3000996|TEM-132	100.000	12	0	0	1	12	736	725	2.8	23.3	gb|AY491682.1|+|0-861|ARO:3000996|TEM-132 [Klebsiella pneumoniae] 
Rank_16|Score_38.8704|Feature_f28041221	gb|AF527798.1|+|0-783|ARO:3000879|TEM-7	100.000	12	0	0	1	12	700	689	2.8	23.3	gb|AF527798.1|+|0-783|ARO:3000879|TEM-7 [Escherichia coli] Partial
Rank_16|Score_38.8704|Feature_f28041221	gb|KC292503.1|+|4334-5195|ARO:3000904|TEM-34	100.000	12	0	0	1	12	736	725	2.8	23.3	gb|KC292503.1|+|4334-5195|ARO:3000904|TEM-34 [Haemophilus parainfluenzae] 
Rank_16|Score_38.8704|Feature_f28041221	gb|AY047358.1|+|1710-2352|ARO:3003552|fusB	100.000	12	0	0	9	20	223	234	2.8	23.3	gb|AY047358.1|+|1710-2352|ARO:3003552|fusB [Staphylococcus aureus] 
Rank_16|Score_38.8704|Feature_f28041221	gb|AF062386.1|+|31-862|ARO:3000928|TEM-59	100.000	12	0	0	1	12	736	725	2.8	23.3	gb|AF062386.1|+|31-862|ARO:3000928|TEM-59 [Klebsiella oxytoca] Partial
Rank_16|Score_38.8704|Feature_f28041221	gb|AF157553.1|+|147-1008|ARO:3000938|TEM-72	100.000	12	0	0	1	12	736	725	2.8	23.3	gb|AF157553.1|+|147-1008|ARO:3000938|TEM-72 [Morganella morganii] 
Rank_16|Score_38.8704|Feature_f28041221	gb|AY628199.1|+|203-1064|ARO:3000988|TEM-126	100.000	12	0	0	1	12	736	725	2.8	23.3	gb|AY628199.1|+|203-1064|ARO:3000988|TEM-126 [Escherichia coli] 
Rank_17|Score_30.7938|Feature_f31792742	gb|LC733695.1|+|0-1152|ARO:3008393|MOX-25	100.000	12	0	0	1	12	121	110	2.8	23.3	gb|LC733695.1|+|0-1152|ARO:3008393|MOX-25 [Aeromonas caviae] 
Rank_17|Score_30.7938|Feature_f31792742	gb|LC733694.1|+|0-1152|ARO:3008392|MOX-24	100.000	12	0	0	1	12	121	110	2.8	23.3	gb|LC733694.1|+|0-1152|ARO:3008392|MOX-24 [Aeromonas caviae] 
Rank_17|Score_30.7938|Feature_f31792742	gb|LC733693.1|+|0-1149|ARO:3008391|MOX-23	100.000	12	0	0	1	12	121	110	2.8	23.3	gb|LC733693.1|+|0-1149|ARO:3008391|MOX-23 [Aeromonas caviae] 
Rank_17|Score_30.7938|Feature_f31792742	gb|LC733692.1|+|0-1149|ARO:3008390|MOX-22	100.000	12	0	0	1	12	121	110	2.8	23.3	gb|LC733692.1|+|0-1149|ARO:3008390|MOX-22 [Aeromonas caviae] 
Rank_17|Score_30.7938|Feature_f31792742	gb|LC732556.1|+|0-1149|ARO:3008389|MOX-21	100.000	12	0	0	1	12	121	110	2.8	23.3	gb|LC732556.1|+|0-1149|ARO:3008389|MOX-21 [Aeromonas caviae] 
Rank_17|Score_30.7938|Feature_f31792742	gb|LC732555.1|+|0-1149|ARO:3008388|MOX-20	100.000	12	0	0	1	12	121	110	2.8	23.3	gb|LC732555.1|+|0-1149|ARO:3008388|MOX-20 [Aeromonas caviae] 
Rank_17|Score_30.7938|Feature_f31792742	gb|LC732554.1|+|0-1152|ARO:3008387|MOX-19	100.000	12	0	0	1	12	121	110	2.8	23.3	gb|LC732554.1|+|0-1152|ARO:3008387|MOX-19 [Aeromonas caviae] 
Rank_17|Score_30.7938|Feature_f31792742	gb|LC732553.1|+|0-1149|ARO:3008386|MOX-18	100.000	12	0	0	1	12	121	110	2.8	23.3	gb|LC732553.1|+|0-1149|ARO:3008386|MOX-18 [Aeromonas caviae] 
Rank_17|Score_30.7938|Feature_f31792742	gb|OP142444.1|+|0-1137|ARO:3008385|MOX-17	100.000	12	0	0	1	12	121	110	2.8	23.3	gb|OP142444.1|+|0-1137|ARO:3008385|MOX-17 [Aeromonas caviae] 
Rank_17|Score_30.7938|Feature_f31792742	gb|LC659430.1|+|0-1149|ARO:3008384|MOX-16	100.000	12	0	0	1	12	121	110	2.8	23.3	gb|LC659430.1|+|0-1149|ARO:3008384|MOX-16 [Aeromonas caviae] 
Rank_17|Score_30.7938|Feature_f31792742	gb|MZ133817.1|+|0-1152|ARO:3008383|MOX-15	100.000	12	0	0	1	12	121	110	2.8	23.3	gb|MZ133817.1|+|0-1152|ARO:3008383|MOX-15 [Aeromonas caviae] 
Rank_17|Score_30.7938|Feature_f31792742	gb|NG_067143.1|+|0-1149|ARO:3006479|MOX-14	100.000	12	0	0	1	12	121	110	2.8	23.3	gb|NG_067143.1|+|0-1149|ARO:3006479|MOX-14 [Proteus mirabilis] 
Rank_17|Score_30.7938|Feature_f31792742	gb|NG_055585.1|+|0-1152|ARO:3006478|MOX-13	100.000	12	0	0	1	12	121	110	2.8	23.3	gb|NG_055585.1|+|0-1152|ARO:3006478|MOX-13 [Citrobacter sp.] 
Rank_17|Score_30.7938|Feature_f31792742	gb|NG_049314.1|+|100-1252|ARO:3006477|MOX-12	100.000	12	0	0	1	12	121	110	2.8	23.3	gb|NG_049314.1|+|100-1252|ARO:3006477|MOX-12 [Aeromonas] 
Rank_17|Score_30.7938|Feature_f31792742	gb|NG_049313.1|+|0-1149|ARO:3003141|MOX-11	100.000	12	0	0	1	12	121	110	2.8	23.3	gb|NG_049313.1|+|0-1149|ARO:3003141|MOX-11 [Aeromonas media] 
Rank_17|Score_30.7938|Feature_f31792742	gb|NG_049312.1|+|0-1149|ARO:3003140|MOX-10	100.000	12	0	0	1	12	121	110	2.8	23.3	gb|NG_049312.1|+|0-1149|ARO:3003140|MOX-10 [Aeromonas caviae] 
Rank_17|Score_30.7938|Feature_f31792742	gb|NG_048887.1|+|0-1149|ARO:3006464|CMY-8b	100.000	12	0	0	1	12	121	110	2.8	23.3	gb|NG_048887.1|+|0-1149|ARO:3006464|CMY-8b [Klebsiella pneumoniae] 
Rank_17|Score_30.7938|Feature_f31792742	gb|CP012901.1|-|5979156-5980365|ARO:3003801|bcr-1	100.000	12	0	0	1	12	419	430	2.8	23.3	gb|CP012901.1|-|5979156-5980365|ARO:3003801|bcr-1 [Pseudomonas aeruginosa] 
Rank_17|Score_30.7938|Feature_f31792742	gb|FJ262599.1|+|0-1149|ARO:3002184|MOX-4	100.000	12	0	0	1	12	121	110	2.8	23.3	gb|FJ262599.1|+|0-1149|ARO:3002184|MOX-4 [Aeromonas caviae] 
Rank_17|Score_30.7938|Feature_f31792742	gb|AJ295344.1|+|0-1173|ARO:3002519|OCH-6	100.000	12	0	0	2	13	468	479	2.8	23.3	gb|AJ295344.1|+|0-1173|ARO:3002519|OCH-6 [Brucella anthropi] 
Rank_17|Score_30.7938|Feature_f31792742	gb|GQ152602.1|+|0-1152|ARO:3002189|MOX-7	100.000	12	0	0	1	12	121	110	2.8	23.3	gb|GQ152602.1|+|0-1152|ARO:3002189|MOX-7 [Aeromonas caviae] 
Rank_17|Score_30.7938|Feature_f31792742	gb|EU515248.1|+|0-1149|ARO:3002186|MOX-3	100.000	12	0	0	1	12	121	110	2.8	23.3	gb|EU515248.1|+|0-1149|ARO:3002186|MOX-3 [Aeromonas sp. HCUZ 2422275] 
Rank_17|Score_30.7938|Feature_f31792742	gb|JX173956.1|+|0-1152|ARO:3002190|MOX-8	100.000	12	0	0	1	12	121	110	2.8	23.3	gb|JX173956.1|+|0-1152|ARO:3002190|MOX-8 [Aeromonas caviae] 
Rank_17|Score_30.7938|Feature_f31792742	gb|GQ152601.1|+|0-1152|ARO:3002185|MOX-6	100.000	12	0	0	1	12	121	110	2.8	23.3	gb|GQ152601.1|+|0-1152|ARO:3002185|MOX-6 [Aeromonas caviae] 
Rank_17|Score_30.7938|Feature_f31792742	gb|AF357599.1|+|253-1402|ARO:3002022|CMY-11	100.000	12	0	0	1	12	121	110	2.8	23.3	gb|AF357599.1|+|253-1402|ARO:3002022|CMY-11 [Escherichia coli] 
Rank_17|Score_30.7938|Feature_f31792742	gb|AJ295343.1|+|0-1173|ARO:3002518|OCH-5	100.000	12	0	0	2	13	468	479	2.8	23.3	gb|AJ295343.1|+|0-1173|ARO:3002518|OCH-5 [Brucella anthropi] 
Rank_17|Score_30.7938|Feature_f31792742	gb|AB194410.1|+|0-1149|ARO:3002030|CMY-19	100.000	12	0	0	1	12	121	110	2.8	23.3	gb|AB194410.1|+|0-1149|ARO:3002030|CMY-19 [Klebsiella pneumoniae] 
Rank_17|Score_30.7938|Feature_f31792742	gb|D13304.2|+|232-1381|ARO:3002182|MOX-1	100.000	12	0	0	1	12	121	110	2.8	23.3	gb|D13304.2|+|232-1381|ARO:3002182|MOX-1 [Klebsiella pneumoniae] 
Rank_17|Score_30.7938|Feature_f31792742	gb|AF357597.1|+|250-1399|ARO:3002021|CMY-10	100.000	12	0	0	1	12	121	110	2.8	23.3	gb|AF357597.1|+|250-1399|ARO:3002021|CMY-10 [Klebsiella aerogenes] 
Rank_17|Score_30.7938|Feature_f31792742	gb|AJ295342.1|+|0-1173|ARO:3002517|OCH-4	100.000	12	0	0	2	13	468	479	2.8	23.3	gb|AJ295342.1|+|0-1173|ARO:3002517|OCH-4 [Brucella anthropi] 
Rank_17|Score_30.7938|Feature_f31792742	gb|AJ295340.1|+|0-1173|ARO:3002515|OCH-2	100.000	12	0	0	2	13	468	479	2.8	23.3	gb|AJ295340.1|+|0-1173|ARO:3002515|OCH-2 [Brucella anthropi] 
Rank_17|Score_30.7938|Feature_f31792742	gb|AJ276453.1|+|4619-5768|ARO:3002183|MOX-2	100.000	12	0	0	1	12	121	110	2.8	23.3	gb|AJ276453.1|+|4619-5768|ARO:3002183|MOX-2 [Klebsiella pneumoniae] 
Rank_17|Score_30.7938|Feature_f31792742	gb|DQ489307.1|+|1070-2243|ARO:3002521|OCH-8	100.000	12	0	0	2	13	468	479	2.8	23.3	gb|DQ489307.1|+|1070-2243|ARO:3002521|OCH-8 [Brucella anthropi] 
Rank_17|Score_30.7938|Feature_f31792742	gb|AJ295345.1|+|0-1173|ARO:3002520|OCH-7	100.000	12	0	0	2	13	468	479	2.8	23.3	gb|AJ295345.1|+|0-1173|ARO:3002520|OCH-7 [Brucella anthropi] 
Rank_17|Score_30.7938|Feature_f31792742	gb|AF167990.3|+|612-1761|ARO:3002019|CMY-8	100.000	12	0	0	1	12	121	110	2.8	23.3	gb|AF167990.3|+|612-1761|ARO:3002019|CMY-8 [Klebsiella pneumoniae] 
Rank_17|Score_30.7938|Feature_f31792742	gb|AJ295341.1|+|0-1173|ARO:3002516|OCH-3	100.000	12	0	0	2	13	468	479	2.8	23.3	gb|AJ295341.1|+|0-1173|ARO:3002516|OCH-3 [Brucella anthropi] 
Rank_17|Score_30.7938|Feature_f31792742	gb|AJ401618.1|+|1971-3144|ARO:3002514|OCH-1	100.000	12	0	0	2	13	468	479	2.8	23.3	gb|AJ401618.1|+|1971-3144|ARO:3002514|OCH-1 [Brucella anthropi] 
Rank_17|Score_30.7938|Feature_f31792742	gb|AB061794.1|+|6017-7166|ARO:3002020|CMY-9	100.000	12	0	0	1	12	121	110	2.8	23.3	gb|AB061794.1|+|6017-7166|ARO:3002020|CMY-9 [Escherichia coli] 
Rank_17|Score_30.7938|Feature_f31792742	gb|GQ152600.1|+|0-1152|ARO:3002188|MOX-5	100.000	12	0	0	1	12	121	110	2.8	23.3	gb|GQ152600.1|+|0-1152|ARO:3002188|MOX-5 [Aeromonas caviae] 
Rank_17|Score_30.7938|Feature_f31792742	gb|X92508.1|+|332-1481|ARO:3002012|CMY-1	100.000	12	0	0	1	12	121	110	2.8	23.3	gb|X92508.1|+|332-1481|ARO:3002012|CMY-1 [Klebsiella pneumoniae] 
Rank_18|Score_29.0175|Feature_f2202280	gb|CABGGU010000083.1|-|240-1116|ARO:3008820|OXY-9-1	93.333	15	1	0	3	17	803	789	2.8	23.3	gb|CABGGU010000083.1|-|240-1116|ARO:3008820|OXY-9-1 [Klebsiella spallanzanii] 
Rank_18|Score_29.0175|Feature_f2202280	gb|KT001254.1|+|0-873|ARO:3008816|OXY-7-1	100.000	12	0	0	3	14	809	798	2.8	23.3	gb|KT001254.1|+|0-873|ARO:3008816|OXY-7-1 [Klebsiella oxytoca] 
Rank_18|Score_29.0175|Feature_f2202280	gb|CABGHE010000001.1|+|1127453-1128326|ARO:3008805|OXY-4-4	100.000	12	0	0	3	14	809	798	2.8	23.3	gb|CABGHE010000001.1|+|1127453-1128326|ARO:3008805|OXY-4-4 [Klebsiella pasteurii] 
Rank_18|Score_29.0175|Feature_f2202280	gb|CP073236.1|-|5453997-5454870|ARO:3008804|OXY-4-3	100.000	12	0	0	3	14	809	798	2.8	23.3	gb|CP073236.1|-|5453997-5454870|ARO:3008804|OXY-4-3 [Klebsiella pasteurii] 
Rank_18|Score_29.0175|Feature_f2202280	gb|CABGHC010000001.1|+|1048283-1049156|ARO:3008803|OXY-4-2	100.000	12	0	0	3	14	809	798	2.8	23.3	gb|CABGHC010000001.1|+|1048283-1049156|ARO:3008803|OXY-4-2 [Klebsiella pasteurii] 
Rank_18|Score_29.0175|Feature_f2202280	gb|AY154657.2|+|62-1223|ARO:3000601|Erm(38)	100.000	12	0	0	4	15	916	905	2.8	23.3	gb|AY154657.2|+|62-1223|ARO:3000601|Erm(38) [Mycolicibacterium smegmatis] 
Rank_18|Score_29.0175|Feature_f2202280	gb|AY077481.1|+|185-1058|ARO:3002410|OXY-4-1	100.000	12	0	0	3	14	809	798	2.8	23.3	gb|AY077481.1|+|185-1058|ARO:3002410|OXY-4-1 [Klebsiella oxytoca] 
Rank_19|Score_26.3377|Feature_f34886376	gb|AE004091.2|+|4707534-4710624|ARO:3000808|MexI	100.000	13	0	0	7	19	1409	1421	0.78	25.1	gb|AE004091.2|+|4707534-4710624|ARO:3000808|MexI [Pseudomonas aeruginosa PAO1] 
Rank_19|Score_26.3377|Feature_f34886376	gb|OL872181.1|+|0-741|ARO:3007435|WUS-1	100.000	12	0	0	6	17	660	649	2.8	23.3	gb|OL872181.1|+|0-741|ARO:3007435|WUS-1 [Myroides albus] 
Rank_19|Score_26.3377|Feature_f34886376	gb|AB758278.1|+|98-836|ARO:3004106|TMB-2	93.333	15	1	0	3	17	250	236	2.8	23.3	gb|AB758278.1|+|98-836|ARO:3004106|TMB-2 [Acinetobacter courvalinii] 
Rank_19|Score_26.3377|Feature_f34886376	gb|FR771847.1|+|15-753|ARO:3004105|TMB-1	93.333	15	1	0	3	17	250	236	2.8	23.3	gb|FR771847.1|+|15-753|ARO:3004105|TMB-1 [Achromobacter sp. sallbros1] 
Rank_19|Score_26.3377|Feature_f34886376	gb|HQ401565.1|-|14138-14882|ARO:3004677|rmtD2	100.000	12	0	0	8	19	66	55	2.8	23.3	gb|HQ401565.1|-|14138-14882|ARO:3004677|rmtD2 [Klebsiella aerogenes] 
Rank_19|Score_26.3377|Feature_f34886376	gb|M97297.1|+|4648-5803|ARO:3002931|vanS_in_vanA_cl	93.333	15	1	0	7	21	785	799	2.8	23.3	gb|M97297.1|+|4648-5803|ARO:3002931|vanS_in_vanA_cl [Enterococcus faecium] 
Rank_19|Score_26.3377|Feature_f34886376	gb|EU269034.2|-|1479-2223|ARO:3002667|rmtD	100.000	12	0	0	8	19	66	55	2.8	23.3	gb|EU269034.2|-|1479-2223|ARO:3002667|rmtD [Klebsiella pneumoniae] 
Rank_19|Score_26.3377|Feature_f34886376	gb|HQ203032.1|+|0-345|ARO:3000245|RbpA	93.333	15	1	0	7	21	6	20	2.8	23.3	gb|HQ203032.1|+|0-345|ARO:3000245|RbpA [Mycolicibacterium smegmatis MC2 155] 
Rank_19|Score_26.3377|Feature_f34886376	gb|EU408349.1|+|107-1025|ARO:3002487|LRA-8	100.000	12	0	0	7	18	752	763	2.8	23.3	gb|EU408349.1|+|107-1025|ARO:3002487|LRA-8 [uncultured bacterium BLR8] 
Rank_21|Score_19.1051|Feature_f4629080	gb|CR628336.1|+|3281865-3284910|ARO:3004100|LpeB	100.000	12	0	0	9	20	1878	1867	2.8	23.3	gb|CR628336.1|+|3281865-3284910|ARO:3004100|LpeB [Legionella pneumophila str. Paris] 
Rank_22|Score_17.1427|Feature_f7907030	gb|NG_068184.1|+|0-789|ARO:3006100|OXA-913	100.000	14	0	0	3	16	303	290	0.22	27.0	gb|NG_068184.1|+|0-789|ARO:3006100|OXA-913 [Pseudomonas] 
Rank_22|Score_17.1427|Feature_f7907030	gb|KR857687.1|+|0-1164|ARO:3004589|tet(53)	88.889	18	2	0	1	18	1004	1021	2.8	23.3	gb|KR857687.1|+|0-1164|ARO:3004589|tet(53) [uncultured bacterium] 
Rank_22|Score_17.1427|Feature_f7907030	gb|CP000732.1|-|9682-10528|ARO:3000621|PC1_blaZ	100.000	12	0	0	4	15	523	512	2.8	23.3	gb|CP000732.1|-|9682-10528|ARO:3000621|PC1_blaZ [Staphylococcus aureus subsp. aureus USA300_TCH959] 
Rank_24|Score_14.3884|Feature_f30088592	gb|NG_051495.1|+|0-747|ARO:3006952|MOC-1	100.000	12	0	0	4	15	579	590	2.8	23.3	gb|NG_051495.1|+|0-747|ARO:3006952|MOC-1 [Myroides odoratus] 
Rank_25|Score_8.9878|Feature_f32203200	gb|AY112998.1|+|196-961|ARO:3003093|cphA3	100.000	13	0	0	3	15	657	645	0.78	25.1	gb|AY112998.1|+|196-961|ARO:3003093|cphA3 [Aeromonas veronii bv. sobria] 
Rank_25|Score_8.9878|Feature_f32203200	gb|AY632076.1|+|0-1173|ARO:3008372|LHK-7	100.000	12	0	0	6	17	964	975	2.8	23.3	gb|AY632076.1|+|0-1173|ARO:3008372|LHK-7 [Laribacter hongkongensis] 
Rank_25|Score_8.9878|Feature_f32203200	gb|NG_056482.1|+|0-1167|ARO:3006935|LHK-1	100.000	12	0	0	6	17	958	969	2.8	23.3	gb|NG_056482.1|+|0-1167|ARO:3006935|LHK-1 [Laribacter hongkongensis] 
Rank_26|Score_8.6973|Feature_f5906870	gb|BX640443.1|+|107141-108059|ARO:3008082|BOR-1	93.750	16	1	0	1	16	757	772	0.78	25.1	gb|BX640443.1|+|107141-108059|ARO:3008082|BOR-1 [Bordetella bronchiseptica] 
Rank_26|Score_8.6973|Feature_f5906870	gb|NG_049986.1|+|100-1030|ARO:3006990|SGM-4	94.118	17	0	1	6	21	461	477	0.78	25.1	gb|NG_049986.1|+|100-1030|ARO:3006990|SGM-4 [Bacteria, Viruses, Fungi, and other genome sequence associated with antimicrobial resistance] 
Rank_26|Score_8.6973|Feature_f5906870	gb|KF179354.1|+|0-861|ARO:3002352|GES-23	93.750	16	1	0	6	21	405	420	0.78	25.1	gb|KF179354.1|+|0-861|ARO:3002352|GES-23 [Pseudomonas aeruginosa] Partial
Rank_26|Score_8.6973|Feature_f5906870	gb|FJ386402.1|+|0-939|ARO:3009026|PEN-B4	100.000	12	0	0	10	21	493	504	2.8	23.3	gb|FJ386402.1|+|0-939|ARO:3009026|PEN-B4 [Burkholderia cenocepacia] 
Rank_26|Score_8.6973|Feature_f5906870	gb|FJ386401.1|+|0-939|ARO:3009025|PEN-B3	100.000	12	0	0	10	21	493	504	2.8	23.3	gb|FJ386401.1|+|0-939|ARO:3009025|PEN-B3 [Burkholderia cenocepacia] 
Rank_26|Score_8.6973|Feature_f5906870	gb|FJ386399.1|+|0-939|ARO:3009024|PEN-B2	100.000	12	0	0	10	21	493	504	2.8	23.3	gb|FJ386399.1|+|0-939|ARO:3009024|PEN-B2 [Burkholderia cenocepacia] 
Rank_26|Score_8.6973|Feature_f5906870	gb|EU872211.1|+|0-939|ARO:3009023|PEN-B1	100.000	12	0	0	10	21	493	504	2.8	23.3	gb|EU872211.1|+|0-939|ARO:3009023|PEN-B1 [Burkholderia cenocepacia] 
Rank_27|Score_6.1495|Feature_f20016673	gb|AY123251.1|+|2950-3505|ARO:3002594|AAC(6')-IIa	100.000	13	0	0	3	15	494	482	0.78	25.1	gb|AY123251.1|+|2950-3505|ARO:3002594|AAC(6')-IIa [Salmonella enterica subsp. enterica serovar Typhi] 
Rank_27|Score_6.1495|Feature_f20016673	gb|X53401.1|+|0-1992|ARO:3002891|otr(A)S.rim	89.474	19	0	2	1	18	991	1008	2.8	23.3	gb|X53401.1|+|0-1992|ARO:3002891|otr(A)S.rim [Streptomyces rimosus] 
Rank_27|Score_6.1495|Feature_f20016673	gb|AE002098.2|-|1791966-1795170|ARO:3000811|mtrD	100.000	12	0	0	8	19	504	515	2.8	23.3	gb|AE002098.2|-|1791966-1795170|ARO:3000811|mtrD [Neisseria meningitidis MC58] 
Rank_27|Score_6.1495|Feature_f20016673	gb|KJ476816.1|+|79-925|ARO:3000861|rmtC	100.000	12	0	0	1	12	575	586	2.8	23.3	gb|KJ476816.1|+|79-925|ARO:3000861|rmtC [Pseudomonas aeruginosa] 
Rank_30|Score_5.2024|Feature_f20042457	gb|MN179494.1|+|0-1620|ARO:3007137|mcr-10.1	100.000	13	0	0	2	14	945	933	0.78	25.1	gb|MN179494.1|+|0-1620|ARO:3007137|mcr-10.1 [Enterobacter roggenkampii] 
Rank_30|Score_5.2024|Feature_f20042457	gb|JAGFWW010000009.1|-|24887-26507|ARO:3007277|MCR-10.2	100.000	13	0	0	2	14	945	933	0.78	25.1	gb|JAGFWW010000009.1|-|24887-26507|ARO:3007277|MCR-10.2 [Enterobacter kobei] 
Rank_30|Score_5.2024|Feature_f20042457	gb|JAGFWU010000059.1|-|6396-8016|ARO:3007276|MCR-10.4	100.000	13	0	0	2	14	945	933	0.78	25.1	gb|JAGFWU010000059.1|-|6396-8016|ARO:3007276|MCR-10.4 [Enterobacter ludwigii] 
Rank_30|Score_5.2024|Feature_f20042457	gb|JAGFWV010000051.1|-|2206-3826|ARO:3007275|MCR-10.3	100.000	13	0	0	2	14	945	933	0.78	25.1	gb|JAGFWV010000051.1|-|2206-3826|ARO:3007275|MCR-10.3 [Enterobacter kobei] 
Rank_30|Score_5.2024|Feature_f20042457	gb|OM638112.1|-|0-1620|ARO:3007274|MCR-10.5	100.000	13	0	0	2	14	945	933	0.78	25.1	gb|OM638112.1|-|0-1620|ARO:3007274|MCR-10.5 [Enterobacter cloacae] 
Rank_32|Score_4.1674|Feature_f20773390	gb|U35369.1|+|839-2183|ARO:3002932|vanS_in_vanB_cl	100.000	13	0	0	9	21	1202	1214	0.78	25.1	gb|U35369.1|+|839-2183|ARO:3002932|vanS_in_vanB_cl [Enterococcus faecalis] 
Rank_32|Score_4.1674|Feature_f20773390	gb|AF170880.4|+|0-1848|ARO:3002522|novA	93.750	16	1	0	1	16	622	637	0.78	25.1	gb|AF170880.4|+|0-1848|ARO:3002522|novA [Streptomyces niveus] 
Rank_32|Score_4.1674|Feature_f20773390	gb|KX000273.1|+|0-1740|ARO:3004036|tetB(60)	100.000	12	0	0	9	20	555	566	2.8	23.3	gb|KX000273.1|+|0-1740|ARO:3004036|tetB(60) [uncultured bacterium] 
Rank_32|Score_4.1674|Feature_f20773390	gb|DQ212986.1|+|5984-7034|ARO:3002909|vanG	93.333	15	1	0	6	20	817	831	2.8	23.3	gb|DQ212986.1|+|5984-7034|ARO:3002909|vanG [Enterococcus faecalis] 
Rank_32|Score_4.1674|Feature_f20773390	gb|JYFL01000006.1|-|112069-113503|ARO:3002813|lmrB	100.000	12	0	0	4	15	879	868	2.8	23.3	gb|JYFL01000006.1|-|112069-113503|ARO:3002813|lmrB [Bacillus subtilis] 
Rank_32|Score_4.1674|Feature_f20773390	gb|AF148067.1|+|213-1158|ARO:3003202|TLA-1	100.000	12	0	0	6	17	95	84	2.8	23.3	gb|AF148067.1|+|213-1158|ARO:3003202|TLA-1 [Escherichia coli] 
Rank_32|Score_4.1674|Feature_f20773390	gb|JF802084.1|+|559-1591|ARO:3002912|vanN	100.000	12	0	0	10	21	248	259	2.8	23.3	gb|JF802084.1|+|559-1591|ARO:3002912|vanN [Enterococcus faecium] 
Rank_33|Score_3.4853|Feature_f592558	gb|NG_055669.1|+|0-1173|ARO:3006232|ACC-7	93.333	15	1	0	4	18	364	378	2.8	23.3	gb|NG_055669.1|+|0-1173|ARO:3006232|ACC-7 [Hafnia alvei] 
Rank_33|Score_3.4853|Feature_f592558	gb|AF180958.1|+|0-1131|ARO:3001817|ACC-3	93.333	15	1	0	4	18	364	378	2.8	23.3	gb|AF180958.1|+|0-1131|ARO:3001817|ACC-3 [Hafnia alvei] Partial
Rank_36|Score_2.0998|Feature_f255395	gb|KC503911.1|+|9883-10249|ARO:3001205|BRP(MBL)	100.000	13	0	0	8	20	119	131	0.78	25.1	gb|KC503911.1|+|9883-10249|ARO:3001205|BRP(MBL) [Acinetobacter baumannii] 
Rank_36|Score_2.0998|Feature_f255395	gb|U00096.1|+|2158385-2161463|ARO:3000794|mdtC	100.000	12	0	0	6	17	718	707	2.8	23.3	gb|U00096.1|+|2158385-2161463|ARO:3000794|mdtC [Escherichia coli str. K-12 substr. MG1655] 
Rank_37|Score_1.9521|Feature_f28129070	gb|L06940.1|+|0-1218|ARO:3000173|tet(E)	94.118	17	0	1	3	18	705	721	0.78	25.1	gb|L06940.1|+|0-1218|ARO:3000173|tet(E) [Escherichia coli] 
Rank_37|Score_1.9521|Feature_f28129070	gb|NG_065870.1|+|0-873|ARO:3006171|GES-42	100.000	12	0	0	1	12	482	493	2.8	23.3	gb|NG_065870.1|+|0-873|ARO:3006171|GES-42 [Pseudomonas aeruginosa] 
Rank_37|Score_1.9521|Feature_f28129070	gb|CP000813.4|-|2349398-2350187|ARO:3004759|BPU-1	93.750	16	0	1	1	16	189	203	2.8	23.3	gb|CP000813.4|-|2349398-2350187|ARO:3004759|BPU-1 [Bacillus pumilus SAFR-032] 
Rank_37|Score_1.9521|Feature_f28129070	gb|AE004091.2|+|3982020-3984009|ARO:3002985|arnA	100.000	12	0	0	9	20	1965	1954	2.8	23.3	gb|AE004091.2|+|3982020-3984009|ARO:3002985|arnA [Pseudomonas aeruginosa PAO1] 
Rank_38|Score_1.2872|Feature_f676367	gb|AE005672.3|-|1983115-1984810|ARO:3000024|patA	100.000	12	0	0	7	18	305	294	2.8	23.3	gb|AE005672.3|-|1983115-1984810|ARO:3000024|patA [Streptococcus pneumoniae TIGR4] 
Rank_41|Score_0.5846|Feature_f25280467	gb|NG_065861.1|+|100-1027|ARO:3006905|CDD-2	100.000	13	0	0	3	15	459	471	0.78	25.1	gb|NG_065861.1|+|100-1027|ARO:3006905|CDD-2 [Clostridioides difficile] 
Rank_41|Score_0.5846|Feature_f25280467	gb|OM977016.1|+|0-810|ARO:3008525|OXA-1107	100.000	12	0	0	3	14	87	98	2.8	23.3	gb|OM977016.1|+|0-810|ARO:3008525|OXA-1107 [Brachyspira pulli] 
Rank_41|Score_0.5846|Feature_f25280467	gb|OM977015.1|+|0-810|ARO:3008524|OXA-1106	100.000	12	0	0	3	14	87	98	2.8	23.3	gb|OM977015.1|+|0-810|ARO:3008524|OXA-1106 [Brachyspira pulli] 
Rank_41|Score_0.5846|Feature_f25280467	gb|OM977014.1|+|0-810|ARO:3008523|OXA-1105	100.000	12	0	0	3	14	87	98	2.8	23.3	gb|OM977014.1|+|0-810|ARO:3008523|OXA-1105 [Brachyspira pulli] 
Rank_41|Score_0.5846|Feature_f25280467	gb|OM977013.1|+|0-810|ARO:3008522|OXA-1104	100.000	12	0	0	3	14	87	98	2.8	23.3	gb|OM977013.1|+|0-810|ARO:3008522|OXA-1104 [Brachyspira pulli] 
Rank_41|Score_0.5846|Feature_f25280467	gb|OM977012.1|+|0-810|ARO:3008521|OXA-1103	100.000	12	0	0	3	14	87	98	2.8	23.3	gb|OM977012.1|+|0-810|ARO:3008521|OXA-1103 [Brachyspira pulli] 
Rank_41|Score_0.5846|Feature_f25280467	gb|OM977011.1|+|0-810|ARO:3008520|OXA-1102	100.000	12	0	0	3	14	87	98	2.8	23.3	gb|OM977011.1|+|0-810|ARO:3008520|OXA-1102 [Brachyspira pulli] 
Rank_41|Score_0.5846|Feature_f25280467	gb|NG_061400.1|+|0-828|ARO:3005874|OXA-659	100.000	12	0	0	10	21	273	284	2.8	23.3	gb|NG_061400.1|+|0-828|ARO:3005874|OXA-659 [Campylobacter jejuni] 
Rank_41|Score_0.5846|Feature_f25280467	gb|KR857686.1|+|0-1173|ARO:3004587|tet(52)	100.000	12	0	0	1	12	331	342	2.8	23.3	gb|KR857686.1|+|0-1173|ARO:3004587|tet(52) [uncultured bacterium] 
Rank_41|Score_0.5846|Feature_f25280467	gb|KP399637.1|+|31476-33444|ARO:3003746|optrA	100.000	12	0	0	5	16	380	391	2.8	23.3	gb|KP399637.1|+|31476-33444|ARO:3003746|optrA [Enterococcus faecalis] 
Rank_41|Score_0.5846|Feature_f25280467	gb|KF287643.1|+|0-522|ARO:3003762|lnuE	100.000	12	0	0	7	18	340	329	2.8	23.3	gb|KF287643.1|+|0-522|ARO:3003762|lnuE [synthetic construct] 
Rank_41|Score_0.5846|Feature_f25280467	gb|AJ605332.1|+|1303-1813|ARO:3003016|dfrA20	100.000	12	0	0	9	20	210	221	2.8	23.3	gb|AJ605332.1|+|1303-1813|ARO:3003016|dfrA20 [Pasteurella multocida] 
