Rank_1|Score_199.0726|Feature_f254434	gb|EU022314.1|+|0-861|ARO:3004623|AAC(3)-IId	100.000	21	0	0	1	21	476	456	2.80e-05	39.9	gb|EU022314.1|+|0-861|ARO:3004623|AAC(3)-IId [Escherichia coli] 
Rank_1|Score_199.0726|Feature_f254434	gb|EU022315.1|+|0-861|ARO:3004621|AAC(3)-IIe	100.000	21	0	0	1	21	476	456	2.80e-05	39.9	gb|EU022315.1|+|0-861|ARO:3004621|AAC(3)-IIe [Escherichia coli] 
Rank_1|Score_199.0726|Feature_f254434	gb|X54723.1|+|818-1679|ARO:3002535|AAC(3)-IIc	100.000	21	0	0	1	21	476	456	2.80e-05	39.9	gb|X54723.1|+|818-1679|ARO:3002535|AAC(3)-IIc [Escherichia coli] 
Rank_1|Score_199.0726|Feature_f254434	gb|X13543.1|+|185-1046|ARO:3002533|AAC(3)-IIa	100.000	21	0	0	1	21	476	456	2.80e-05	39.9	gb|X13543.1|+|185-1046|ARO:3002533|AAC(3)-IIa [Plasmid pWP113a] 
Rank_1|Score_199.0726|Feature_f254434	gb|EU370913.1|+|47850-51003|ARO:3003923|oqxB	100.000	12	0	0	1	12	1496	1485	2.8	23.3	gb|EU370913.1|+|47850-51003|ARO:3003923|oqxB [Escherichia coli] 
Rank_1|Score_199.0726|Feature_f254434	gb|CP020412.2|-|3537848-3539018|ARO:3004603|tet(56)	100.000	12	0	0	1	12	57	46	2.8	23.3	gb|CP020412.2|-|3537848-3539018|ARO:3004603|tet(56) [Legionella longbeachae] 
Rank_2|Score_184.6208|Feature_f84257	gb|KY464892.1|+|2236-3085|ARO:3004739|ARL-6	94.118	17	1	0	1	17	718	702	0.22	27.0	gb|KY464892.1|+|2236-3085|ARO:3004739|ARL-6 [Staphylococcus arlettae] 
Rank_2|Score_184.6208|Feature_f84257	gb|KY363215.1|+|79488-80337|ARO:3004734|ARL-1	94.118	17	1	0	1	17	718	702	0.22	27.0	gb|KY363215.1|+|79488-80337|ARO:3004734|ARL-1 [Staphylococcus arlettae] 
Rank_2|Score_184.6208|Feature_f84257	gb|NG_061621.1|+|0-852|ARO:3005932|OXA-727	100.000	12	0	0	4	15	787	776	2.8	23.3	gb|NG_061621.1|+|0-852|ARO:3005932|OXA-727 [Acinetobacter] 
Rank_2|Score_184.6208|Feature_f84257	gb|KY363214.1|+|2237-3086|ARO:3004738|ARL-5	93.333	15	1	0	2	16	717	703	2.8	23.3	gb|KY363214.1|+|2237-3086|ARO:3004738|ARL-5 [Staphylococcus arlettae] 
Rank_2|Score_184.6208|Feature_f84257	gb|KY363206.1|+|2236-3085|ARO:3004737|ARL-4	93.333	15	1	0	2	16	717	703	2.8	23.3	gb|KY363206.1|+|2236-3085|ARO:3004737|ARL-4 [Staphylococcus arlettae] 
Rank_2|Score_184.6208|Feature_f84257	gb|KY363208.1|+|2236-3085|ARO:3004736|ARL-3	93.333	15	1	0	2	16	717	703	2.8	23.3	gb|KY363208.1|+|2236-3085|ARO:3004736|ARL-3 [Staphylococcus arlettae] 
Rank_2|Score_184.6208|Feature_f84257	gb|AFRQ01000061.1|-|23986-27124|ARO:3004144|AxyY	100.000	12	0	0	10	21	1062	1051	2.8	23.3	gb|AFRQ01000061.1|-|23986-27124|ARO:3004144|AxyY [Achromobacter insuavis AXX-A] 
Rank_2|Score_184.6208|Feature_f84257	gb|KY363207.1|+|2236-3085|ARO:3004735|ARL-2	93.333	15	1	0	2	16	717	703	2.8	23.3	gb|KY363207.1|+|2236-3085|ARO:3004735|ARL-2 [Staphylococcus arlettae] 
Rank_3|Score_183.9628|Feature_f13048534	gb|AP009048.1|+|3974604-3975429|ARO:3000508|gadX	100.000	12	0	0	3	14	760	749	2.8	23.3	gb|AP009048.1|+|3974604-3975429|ARO:3000508|gadX [Escherichia coli str. K-12 substr. W3110] 
Rank_4|Score_182.9168|Feature_f19693266	gb|AF162694.1|+|3007-5104|ARO:3002970|vanT_in_vanC_cl	100.000	12	0	0	9	20	2026	2037	2.8	23.3	gb|AF162694.1|+|3007-5104|ARO:3002970|vanT_in_vanC_cl [Enterococcus gallinarum] 
Rank_5|Score_181.2851|Feature_f44676128	gb|EU408356.1|+|7570-8479|ARO:3002486|LRA-7	100.000	12	0	0	6	17	38	49	2.8	23.3	gb|EU408356.1|+|7570-8479|ARO:3002486|LRA-7 [uncultured bacterium BLR7] 
Rank_6|Score_158.0657|Feature_f5285314	gb|CP104076.1|-|214174-214951|ARO:3007483|RAD-1	100.000	12	0	0	1	12	144	155	2.8	23.3	gb|CP104076.1|-|214174-214951|ARO:3007483|RAD-1 [Riemerella anatipestifer] 
Rank_6|Score_158.0657|Feature_f5285314	gb|AE004091.2|+|2810008-2813197|ARO:3000804|MexF	100.000	12	0	0	9	20	2668	2679	2.8	23.3	gb|AE004091.2|+|2810008-2813197|ARO:3000804|MexF [Pseudomonas aeruginosa PAO1] 
Rank_6|Score_158.0657|Feature_f5285314	gb|M90056.1|+|908-2477|ARO:3002829|vgaA	100.000	12	0	0	1	12	1077	1088	2.8	23.3	gb|M90056.1|+|908-2477|ARO:3002829|vgaA [Staphylococcus aureus] 
Rank_6|Score_158.0657|Feature_f5285314	gb|DQ823382.1|+|0-1569|ARO:3002830|vgaALC	100.000	12	0	0	1	12	1077	1088	2.8	23.3	gb|DQ823382.1|+|0-1569|ARO:3002830|vgaALC [Staphylococcus haemolyticus] 
Rank_7|Score_131.9433|Feature_f3527579	gb|AY152390.1|+|0-1335|ARO:3003785|Ctra_murA_FOF	100.000	12	0	0	10	21	762	773	2.8	23.3	gb|AY152390.1|+|0-1335|ARO:3003785|Ctra_murA_FOF [Chlamydia trachomatis] 
Rank_9|Score_95.3204|Feature_f3643915	gb|AP009048.1|-|4303042-4304509|ARO:3003550|mdtP	100.000	13	0	0	1	13	1080	1092	0.78	25.1	gb|AP009048.1|-|4303042-4304509|ARO:3003550|mdtP [Escherichia coli str. K-12 substr. W3110] 
Rank_9|Score_95.3204|Feature_f3643915	gb|NG_071182.1|+|100-1291|ARO:3007494|tet(64)	100.000	12	0	0	1	12	915	926	2.8	23.3	gb|NG_071182.1|+|100-1291|ARO:3007494|tet(64) [Burkholderia ubonensis] 
Rank_9|Score_95.3204|Feature_f3643915	gb|NG_059314.1|+|100-832|ARO:3007002|TTU-1	100.000	12	0	0	10	21	186	197	2.8	23.3	gb|NG_059314.1|+|100-832|ARO:3007002|TTU-1 [Bacteria, Viruses, Fungi, and other genome sequence associated with antimicrobial resistance] 
Rank_9|Score_95.3204|Feature_f3643915	gb|AE002098.2|-|1791966-1795170|ARO:3000811|mtrD	100.000	12	0	0	1	12	888	877	2.8	23.3	gb|AE002098.2|-|1791966-1795170|ARO:3000811|mtrD [Neisseria meningitidis MC58] 
Rank_10|Score_82.5192|Feature_f342351	gb|EU022314.1|+|0-861|ARO:3004623|AAC(3)-IId	100.000	21	0	0	1	21	462	482	2.80e-05	39.9	gb|EU022314.1|+|0-861|ARO:3004623|AAC(3)-IId [Escherichia coli] 
Rank_10|Score_82.5192|Feature_f342351	gb|EU022315.1|+|0-861|ARO:3004621|AAC(3)-IIe	100.000	21	0	0	1	21	462	482	2.80e-05	39.9	gb|EU022315.1|+|0-861|ARO:3004621|AAC(3)-IIe [Escherichia coli] 
Rank_10|Score_82.5192|Feature_f342351	gb|X54723.1|+|818-1679|ARO:3002535|AAC(3)-IIc	100.000	21	0	0	1	21	462	482	2.80e-05	39.9	gb|X54723.1|+|818-1679|ARO:3002535|AAC(3)-IIc [Escherichia coli] 
Rank_10|Score_82.5192|Feature_f342351	gb|X13543.1|+|185-1046|ARO:3002533|AAC(3)-IIa	100.000	21	0	0	1	21	462	482	2.80e-05	39.9	gb|X13543.1|+|185-1046|ARO:3002533|AAC(3)-IIa [Plasmid pWP113a] 
Rank_10|Score_82.5192|Feature_f342351	gb|AF353562.1|-|2212-3322|ARO:3000481|tet(35)	100.000	13	0	0	9	21	422	434	0.78	25.1	gb|AF353562.1|-|2212-3322|ARO:3000481|tet(35) [Vibrio harveyi] 
Rank_10|Score_82.5192|Feature_f342351	gb|AL123456.1|+|2231679-2232219|ARO:3000392|Erm(37)	94.118	17	0	1	5	21	355	340	0.78	25.1	gb|AL123456.1|+|2231679-2232219|ARO:3000392|Erm(37) [Mycobacterium tuberculosis H37Rv] 
Rank_10|Score_82.5192|Feature_f342351	gb|OM212391.1|+|0-915|ARO:3008199|HBL-1	93.333	15	1	0	4	18	399	413	2.8	23.3	gb|OM212391.1|+|0-915|ARO:3008199|HBL-1 [Bordetella hinzii] 
Rank_10|Score_82.5192|Feature_f342351	gb|MF095097.1|-|1855-3484|ARO:3004470|poxtA	100.000	12	0	0	7	18	132	143	2.8	23.3	gb|MF095097.1|-|1855-3484|ARO:3004470|poxtA [Staphylococcus aureus] 
Rank_10|Score_82.5192|Feature_f342351	gb|EU370913.1|+|47850-51003|ARO:3003923|oqxB	100.000	12	0	0	4	15	1485	1496	2.8	23.3	gb|EU370913.1|+|47850-51003|ARO:3003923|oqxB [Escherichia coli] 
Rank_10|Score_82.5192|Feature_f342351	gb|CP020412.2|-|3537848-3539018|ARO:3004603|tet(56)	100.000	12	0	0	4	15	46	57	2.8	23.3	gb|CP020412.2|-|3537848-3539018|ARO:3004603|tet(56) [Legionella longbeachae] 
Rank_11|Score_74.2286|Feature_f141982	gb|X75439.1|+|476-3551|ARO:3000521|Saur_mupA_MUP	90.476	21	1	1	1	21	2156	2137	0.22	27.0	gb|X75439.1|+|476-3551|ARO:3000521|Saur_mupA_MUP [Staphylococcus aureus] 
Rank_12|Score_71.4100|Feature_f285192	gb|EU022314.1|+|0-861|ARO:3004623|AAC(3)-IId	100.000	21	0	0	1	21	488	468	2.80e-05	39.9	gb|EU022314.1|+|0-861|ARO:3004623|AAC(3)-IId [Escherichia coli] 
Rank_12|Score_71.4100|Feature_f285192	gb|EU022315.1|+|0-861|ARO:3004621|AAC(3)-IIe	100.000	21	0	0	1	21	488	468	2.80e-05	39.9	gb|EU022315.1|+|0-861|ARO:3004621|AAC(3)-IIe [Escherichia coli] 
Rank_12|Score_71.4100|Feature_f285192	gb|X54723.1|+|818-1679|ARO:3002535|AAC(3)-IIc	100.000	21	0	0	1	21	488	468	2.80e-05	39.9	gb|X54723.1|+|818-1679|ARO:3002535|AAC(3)-IIc [Escherichia coli] 
Rank_12|Score_71.4100|Feature_f285192	gb|X13543.1|+|185-1046|ARO:3002533|AAC(3)-IIa	100.000	21	0	0	1	21	488	468	2.80e-05	39.9	gb|X13543.1|+|185-1046|ARO:3002533|AAC(3)-IIa [Plasmid pWP113a] 
Rank_12|Score_71.4100|Feature_f285192	gb|AF353562.1|-|2212-3322|ARO:3000481|tet(35)	100.000	14	0	0	6	19	435	422	0.22	27.0	gb|AF353562.1|-|2212-3322|ARO:3000481|tet(35) [Vibrio harveyi] 
Rank_12|Score_71.4100|Feature_f285192	gb|JX486113.1|+|0-795|ARO:3002668|rmtG	100.000	14	0	0	4	17	311	298	0.22	27.0	gb|JX486113.1|+|0-795|ARO:3002668|rmtG [Klebsiella pneumoniae] 
Rank_12|Score_71.4100|Feature_f285192	gb|AJ000283.1|+|619-1849|ARO:3000343|tap	100.000	13	0	0	5	17	826	814	0.78	25.1	gb|AJ000283.1|+|619-1849|ARO:3000343|tap [Mycolicibacterium fortuitum] 
Rank_12|Score_71.4100|Feature_f285192	gb|MF095097.1|-|1855-3484|ARO:3004470|poxtA	100.000	12	0	0	10	21	143	132	2.8	23.3	gb|MF095097.1|-|1855-3484|ARO:3004470|poxtA [Staphylococcus aureus] 
Rank_12|Score_71.4100|Feature_f285192	gb|AL123456.1|+|2231679-2232219|ARO:3000392|Erm(37)	100.000	12	0	0	7	18	340	351	2.8	23.3	gb|AL123456.1|+|2231679-2232219|ARO:3000392|Erm(37) [Mycobacterium tuberculosis H37Rv] 
Rank_13|Score_63.3775|Feature_f27148798	gb|PP296990.1|+|0-879|ARO:3008213|IMI-26	89.474	19	0	1	3	21	613	629	2.8	23.3	gb|PP296990.1|+|0-879|ARO:3008213|IMI-26 [Enterobacter cloacae] 
Rank_13|Score_63.3775|Feature_f27148798	gb|JAXAFB010000014.1|-|4243-5122|ARO:3008208|IMI-10	89.474	19	0	1	3	21	613	629	2.8	23.3	gb|JAXAFB010000014.1|-|4243-5122|ARO:3008208|IMI-10 [Enterobacter asburiae] 
Rank_13|Score_63.3775|Feature_f27148798	gb|PQ323407.1|+|0-1149|ARO:3008069|ADC-359	93.750	16	0	1	4	18	478	493	2.8	23.3	gb|PQ323407.1|+|0-1149|ARO:3008069|ADC-359 [Acinetobacter baumannii] 
Rank_13|Score_63.3775|Feature_f27148798	gb|PQ203895.1|+|0-1152|ARO:3008066|ADC-356	93.750	16	0	1	4	18	478	493	2.8	23.3	gb|PQ203895.1|+|0-1152|ARO:3008066|ADC-356 [Acinetobacter baumannii] 
Rank_13|Score_63.3775|Feature_f27148798	gb|PQ203894.1|+|0-1152|ARO:3008065|ADC-355	93.750	16	0	1	4	18	478	493	2.8	23.3	gb|PQ203894.1|+|0-1152|ARO:3008065|ADC-355 [Acinetobacter baumannii] 
Rank_13|Score_63.3775|Feature_f27148798	gb|PP328950.1|+|0-1152|ARO:3008062|ADC-352	93.750	16	0	1	4	18	478	493	2.8	23.3	gb|PP328950.1|+|0-1152|ARO:3008062|ADC-352 [Acinetobacter pittii] 
Rank_13|Score_63.3775|Feature_f27148798	gb|PP328947.1|+|0-1167|ARO:3008059|ADC-349	93.750	16	0	1	4	18	478	493	2.8	23.3	gb|PP328947.1|+|0-1167|ARO:3008059|ADC-349 [Acinetobacter baumannii] 
Rank_13|Score_63.3775|Feature_f27148798	gb|PP328945.1|+|0-1152|ARO:3008057|ADC-347	93.750	16	0	1	4	18	478	493	2.8	23.3	gb|PP328945.1|+|0-1152|ARO:3008057|ADC-347 [Acinetobacter baumannii] 
Rank_13|Score_63.3775|Feature_f27148798	gb|OR754316.1|+|0-1152|ARO:3008054|ADC-344	93.750	16	0	1	4	18	478	493	2.8	23.3	gb|OR754316.1|+|0-1152|ARO:3008054|ADC-344 [Acinetobacter baumannii] 
Rank_13|Score_63.3775|Feature_f27148798	gb|LC777322.1|+|0-1152|ARO:3008053|ADC-343	93.750	16	0	1	4	18	478	493	2.8	23.3	gb|LC777322.1|+|0-1152|ARO:3008053|ADC-343 [Acinetobacter pittii] 
Rank_13|Score_63.3775|Feature_f27148798	gb|OR367335.1|+|0-1152|ARO:3008052|ADC-342	93.750	16	0	1	4	18	478	493	2.8	23.3	gb|OR367335.1|+|0-1152|ARO:3008052|ADC-342 [Acinetobacter baumannii] 
Rank_13|Score_63.3775|Feature_f27148798	gb|OR367334.1|+|0-1152|ARO:3008051|ADC-341	93.750	16	0	1	4	18	478	493	2.8	23.3	gb|OR367334.1|+|0-1152|ARO:3008051|ADC-341 [Acinetobacter baumannii] 
Rank_13|Score_63.3775|Feature_f27148798	gb|OR367333.1|+|0-1170|ARO:3008050|ADC-340	93.750	16	0	1	4	18	496	511	2.8	23.3	gb|OR367333.1|+|0-1170|ARO:3008050|ADC-340 [Acinetobacter baumannii] 
Rank_13|Score_63.3775|Feature_f27148798	gb|OR367332.1|+|0-1167|ARO:3008049|ADC-339	93.750	16	0	1	4	18	478	493	2.8	23.3	gb|OR367332.1|+|0-1167|ARO:3008049|ADC-339 [Acinetobacter baumannii] 
Rank_13|Score_63.3775|Feature_f27148798	gb|OR232963.1|+|0-1155|ARO:3008047|ADC-337	93.750	16	0	1	4	18	478	493	2.8	23.3	gb|OR232963.1|+|0-1155|ARO:3008047|ADC-337 [Acinetobacter baumannii] 
Rank_13|Score_63.3775|Feature_f27148798	gb|JANJAT010000001.1|+|146309-147461|ARO:3008043|ADC-333	93.750	16	0	1	4	18	478	493	2.8	23.3	gb|JANJAT010000001.1|+|146309-147461|ARO:3008043|ADC-333 [Acinetobacter baumannii] 
Rank_13|Score_63.3775|Feature_f27148798	gb|JANJDG010000058.1|+|18817-19969|ARO:3008042|ADC-332	93.750	16	0	1	4	18	478	493	2.8	23.3	gb|JANJDG010000058.1|+|18817-19969|ARO:3008042|ADC-332 [Acinetobacter baumannii] 
Rank_13|Score_63.3775|Feature_f27148798	gb|JAOWUO010000003.1|-|7548-8700|ARO:3008041|ADC-331	93.750	16	0	1	4	18	478	493	2.8	23.3	gb|JAOWUO010000003.1|-|7548-8700|ARO:3008041|ADC-331 [Acinetobacter baumannii] 
Rank_13|Score_63.3775|Feature_f27148798	gb|JANJCJ010000001.1|-|350346-351498|ARO:3008039|ADC-329	93.750	16	0	1	4	18	478	493	2.8	23.3	gb|JANJCJ010000001.1|-|350346-351498|ARO:3008039|ADC-329 [Acinetobacter baumannii] 
Rank_13|Score_63.3775|Feature_f27148798	gb|JANIYJ010000001.1|+|544772-545924|ARO:3008037|ADC-327	93.750	16	0	1	4	18	478	493	2.8	23.3	gb|JANIYJ010000001.1|+|544772-545924|ARO:3008037|ADC-327 [Acinetobacter baumannii] 
Rank_13|Score_63.3775|Feature_f27148798	gb|JAOXAC010000001.1|+|1143371-1144523|ARO:3008036|ADC-326	93.750	16	0	1	4	18	478	493	2.8	23.3	gb|JAOXAC010000001.1|+|1143371-1144523|ARO:3008036|ADC-326 [Acinetobacter baumannii] 
Rank_13|Score_63.3775|Feature_f27148798	gb|JAOYRN010000002.1|+|16794-17946|ARO:3008034|ADC-324	93.750	16	0	1	4	18	478	493	2.8	23.3	gb|JAOYRN010000002.1|+|16794-17946|ARO:3008034|ADC-324 [Acinetobacter baumannii] 
Rank_13|Score_63.3775|Feature_f27148798	gb|JANIXZ010000001.1|-|356426-357578|ARO:3008033|ADC-323	93.750	16	0	1	4	18	478	493	2.8	23.3	gb|JANIXZ010000001.1|-|356426-357578|ARO:3008033|ADC-323 [Acinetobacter baumannii] 
Rank_13|Score_63.3775|Feature_f27148798	gb|JANIXO010000004.1|-|7457-8609|ARO:3008032|ADC-322	93.750	16	0	1	4	18	478	493	2.8	23.3	gb|JANIXO010000004.1|-|7457-8609|ARO:3008032|ADC-322 [Acinetobacter baumannii] 
Rank_13|Score_63.3775|Feature_f27148798	gb|JAOWVC010000002.1|-|31566-32718|ARO:3008031|ADC-321	93.750	16	0	1	4	18	478	493	2.8	23.3	gb|JAOWVC010000002.1|-|31566-32718|ARO:3008031|ADC-321 [Acinetobacter baumannii] 
Rank_13|Score_63.3775|Feature_f27148798	gb|JAOWZM010000001.1|-|327036-328188|ARO:3008030|ADC-320	93.750	16	0	1	4	18	478	493	2.8	23.3	gb|JAOWZM010000001.1|-|327036-328188|ARO:3008030|ADC-320 [Acinetobacter baumannii] 
Rank_13|Score_63.3775|Feature_f27148798	gb|JANJBO010000013.1|+|94441-95593|ARO:3008028|ADC-318	93.750	16	0	1	4	18	478	493	2.8	23.3	gb|JANJBO010000013.1|+|94441-95593|ARO:3008028|ADC-318 [Acinetobacter baumannii] 
Rank_13|Score_63.3775|Feature_f27148798	gb|JANIZQ010000004.1|+|166469-167621|ARO:3008027|ADC-317	93.750	16	0	1	4	18	478	493	2.8	23.3	gb|JANIZQ010000004.1|+|166469-167621|ARO:3008027|ADC-317 [Acinetobacter baumannii] 
Rank_13|Score_63.3775|Feature_f27148798	gb|JANJCW010000001.1|-|341818-342970|ARO:3008024|ADC-314	93.750	16	0	1	4	18	478	493	2.8	23.3	gb|JANJCW010000001.1|-|341818-342970|ARO:3008024|ADC-314 [Acinetobacter baumannii] 
Rank_13|Score_63.3775|Feature_f27148798	gb|JANIZI010000005.1|+|165437-166589|ARO:3008023|ADC-313	93.750	16	0	1	4	18	478	493	2.8	23.3	gb|JANIZI010000005.1|+|165437-166589|ARO:3008023|ADC-313 [Acinetobacter baumannii] 
Rank_13|Score_63.3775|Feature_f27148798	gb|JANJED010000023.1|+|49212-50364|ARO:3008022|ADC-312	93.750	16	0	1	4	18	478	493	2.8	23.3	gb|JANJED010000023.1|+|49212-50364|ARO:3008022|ADC-312 [Acinetobacter baumannii] 
Rank_13|Score_63.3775|Feature_f27148798	gb|JANJDX010000001.1|-|343159-344311|ARO:3008021|ADC-311	93.750	16	0	1	4	18	478	493	2.8	23.3	gb|JANJDX010000001.1|-|343159-344311|ARO:3008021|ADC-311 [Acinetobacter baumannii] 
Rank_13|Score_63.3775|Feature_f27148798	gb|JANJCP010000016.1|+|22911-24063|ARO:3008018|ADC-308	93.750	16	0	1	4	18	478	493	2.8	23.3	gb|JANJCP010000016.1|+|22911-24063|ARO:3008018|ADC-308 [Acinetobacter baumannii] 
Rank_13|Score_63.3775|Feature_f27148798	gb|JANJEC010000002.1|-|31691-32843|ARO:3008017|ADC-307	93.750	16	0	1	4	18	478	493	2.8	23.3	gb|JANJEC010000002.1|-|31691-32843|ARO:3008017|ADC-307 [Acinetobacter baumannii] 
Rank_13|Score_63.3775|Feature_f27148798	gb|JANJEG010000001.1|+|150295-151447|ARO:3008016|ADC-306	93.750	16	0	1	4	18	478	493	2.8	23.3	gb|JANJEG010000001.1|+|150295-151447|ARO:3008016|ADC-306 [Acinetobacter baumannii] 
Rank_13|Score_63.3775|Feature_f27148798	gb|JANJCG010000001.1|+|149346-150498|ARO:3008014|ADC-304	93.750	16	0	1	4	18	478	493	2.8	23.3	gb|JANJCG010000001.1|+|149346-150498|ARO:3008014|ADC-304 [Acinetobacter baumannii] 
Rank_13|Score_63.3775|Feature_f27148798	gb|JAOWYO010000004.1|-|7515-8667|ARO:3008013|ADC-303	93.750	16	0	1	4	18	478	493	2.8	23.3	gb|JAOWYO010000004.1|-|7515-8667|ARO:3008013|ADC-303 [Acinetobacter baumannii] 
Rank_13|Score_63.3775|Feature_f27148798	gb|JAOXAU010000001.1|-|328180-329332|ARO:3008012|ADC-302	93.750	16	0	1	4	18	478	493	2.8	23.3	gb|JAOXAU010000001.1|-|328180-329332|ARO:3008012|ADC-302 [Acinetobacter baumannii] 
Rank_13|Score_63.3775|Feature_f27148798	gb|OQ592374.1|+|0-1152|ARO:3008010|ADC-294	93.750	16	0	1	4	18	478	493	2.8	23.3	gb|OQ592374.1|+|0-1152|ARO:3008010|ADC-294 [Acinetobacter baumannii] 
Rank_13|Score_63.3775|Feature_f27148798	gb|OQ592373.1|+|0-1152|ARO:3008009|ADC-293	93.750	16	0	1	4	18	478	493	2.8	23.3	gb|OQ592373.1|+|0-1152|ARO:3008009|ADC-293 [Acinetobacter baumannii] 
Rank_13|Score_63.3775|Feature_f27148798	gb|OQ408539.1|+|0-1152|ARO:3008007|ADC-291	93.750	16	0	1	4	18	478	493	2.8	23.3	gb|OQ408539.1|+|0-1152|ARO:3008007|ADC-291 [Acinetobacter baumannii] 
Rank_13|Score_63.3775|Feature_f27148798	gb|OP806905.1|+|0-1152|ARO:3008006|ADC-290	93.750	16	0	1	4	18	478	493	2.8	23.3	gb|OP806905.1|+|0-1152|ARO:3008006|ADC-290 [Acinetobacter baumannii] 
Rank_13|Score_63.3775|Feature_f27148798	gb|OP745007.1|+|0-1152|ARO:3008004|ADC-288	93.750	16	0	1	4	18	478	493	2.8	23.3	gb|OP745007.1|+|0-1152|ARO:3008004|ADC-288 [Acinetobacter pittii] 
Rank_13|Score_63.3775|Feature_f27148798	gb|OP297829.1|+|0-1152|ARO:3008001|ADC-285	93.750	16	0	1	4	18	478	493	2.8	23.3	gb|OP297829.1|+|0-1152|ARO:3008001|ADC-285 [Acinetobacter pittii] 
Rank_13|Score_63.3775|Feature_f27148798	gb|ON651472.1|+|0-1152|ARO:3007996|ADC-280	93.750	16	0	1	4	18	478	493	2.8	23.3	gb|ON651472.1|+|0-1152|ARO:3007996|ADC-280 [Acinetobacter baumannii] 
Rank_13|Score_63.3775|Feature_f27148798	gb|ON651471.1|+|0-1152|ARO:3007995|ADC-279	93.750	16	0	1	4	18	478	493	2.8	23.3	gb|ON651471.1|+|0-1152|ARO:3007995|ADC-279 [Acinetobacter baumannii] 
Rank_13|Score_63.3775|Feature_f27148798	gb|ON651470.1|+|0-1152|ARO:3007994|ADC-278	93.750	16	0	1	4	18	478	493	2.8	23.3	gb|ON651470.1|+|0-1152|ARO:3007994|ADC-278 [Acinetobacter baumannii] 
Rank_13|Score_63.3775|Feature_f27148798	gb|ON651469.1|+|0-1170|ARO:3007993|ADC-277	93.750	16	0	1	4	18	478	493	2.8	23.3	gb|ON651469.1|+|0-1170|ARO:3007993|ADC-277 [Acinetobacter baumannii] 
Rank_13|Score_63.3775|Feature_f27148798	gb|ON651467.1|+|0-1152|ARO:3007991|ADC-275	93.750	16	0	1	4	18	478	493	2.8	23.3	gb|ON651467.1|+|0-1152|ARO:3007991|ADC-275 [Acinetobacter baumannii] 
Rank_13|Score_63.3775|Feature_f27148798	gb|ON651466.1|+|0-1152|ARO:3007990|ADC-274	93.750	16	0	1	4	18	478	493	2.8	23.3	gb|ON651466.1|+|0-1152|ARO:3007990|ADC-274 [Acinetobacter baumannii] 
Rank_13|Score_63.3775|Feature_f27148798	gb|ON651465.1|+|0-1152|ARO:3007989|ADC-273	93.750	16	0	1	4	18	478	493	2.8	23.3	gb|ON651465.1|+|0-1152|ARO:3007989|ADC-273 [Acinetobacter baumannii] 
Rank_13|Score_63.3775|Feature_f27148798	gb|ON651464.1|+|0-1152|ARO:3007988|ADC-272	93.750	16	0	1	4	18	478	493	2.8	23.3	gb|ON651464.1|+|0-1152|ARO:3007988|ADC-272 [Acinetobacter baumannii] 
Rank_13|Score_63.3775|Feature_f27148798	gb|ON651463.1|+|0-1152|ARO:3007987|ADC-271	93.750	16	0	1	4	18	478	493	2.8	23.3	gb|ON651463.1|+|0-1152|ARO:3007987|ADC-271 [Acinetobacter baumannii] 
Rank_13|Score_63.3775|Feature_f27148798	gb|ON651462.1|+|0-1152|ARO:3007986|ADC-270	93.750	16	0	1	4	18	478	493	2.8	23.3	gb|ON651462.1|+|0-1152|ARO:3007986|ADC-270 [Acinetobacter baumannii] 
Rank_13|Score_63.3775|Feature_f27148798	gb|ON651460.1|+|0-1152|ARO:3007984|ADC-268	93.750	16	0	1	4	18	478	493	2.8	23.3	gb|ON651460.1|+|0-1152|ARO:3007984|ADC-268 [Acinetobacter baumannii] 
Rank_13|Score_63.3775|Feature_f27148798	gb|OL901272.1|+|0-1152|ARO:3007979|ADC-263	93.750	16	0	1	4	18	478	493	2.8	23.3	gb|OL901272.1|+|0-1152|ARO:3007979|ADC-263 [Acinetobacter baumannii] 
Rank_13|Score_63.3775|Feature_f27148798	gb|OL901271.1|+|0-1152|ARO:3007978|ADC-262	93.750	16	0	1	4	18	478	493	2.8	23.3	gb|OL901271.1|+|0-1152|ARO:3007978|ADC-262 [Acinetobacter baumannii] 
Rank_13|Score_63.3775|Feature_f27148798	gb|OL774887.1|+|0-1152|ARO:3007977|ADC-261	93.750	16	0	1	4	18	478	493	2.8	23.3	gb|OL774887.1|+|0-1152|ARO:3007977|ADC-261 [Acinetobacter baumannii] 
Rank_13|Score_63.3775|Feature_f27148798	gb|OK396701.1|+|0-1152|ARO:3007976|ADC-260	93.750	16	0	1	4	18	478	493	2.8	23.3	gb|OK396701.1|+|0-1152|ARO:3007976|ADC-260 [Acinetobacter baumannii] 
Rank_13|Score_63.3775|Feature_f27148798	gb|MZ224612.1|+|0-1167|ARO:3007974|ADC-258	93.750	16	0	1	4	18	478	493	2.8	23.3	gb|MZ224612.1|+|0-1167|ARO:3007974|ADC-258 [Acinetobacter baumannii] 
Rank_13|Score_63.3775|Feature_f27148798	gb|NG_049171.1|+|100-979|ARO:3003143|IMI-9	89.474	19	0	1	3	21	613	629	2.8	23.3	gb|NG_049171.1|+|100-979|ARO:3003143|IMI-9 [Bacteria, Viruses, Fungi, and other genome sequence associated with antimicrobial resistance] 
Rank_13|Score_63.3775|Feature_f27148798	gb|NG_049168.1|+|100-979|ARO:3001863|IMI-6	89.474	19	0	1	3	21	613	629	2.8	23.3	gb|NG_049168.1|+|100-979|ARO:3001863|IMI-6 [Raoultella ornithinolytica] 
Rank_13|Score_63.3775|Feature_f27148798	gb|NG_073464.1|+|0-879|ARO:3006185|IMI-21	89.474	19	0	1	3	21	613	629	2.8	23.3	gb|NG_073464.1|+|0-879|ARO:3006185|IMI-21 [Enterobacter asburiae] 
Rank_13|Score_63.3775|Feature_f27148798	gb|NG_070894.1|+|0-879|ARO:3006184|IMI-20	89.474	19	0	1	3	21	613	629	2.8	23.3	gb|NG_070894.1|+|0-879|ARO:3006184|IMI-20 [Bacteria, Viruses, Fungi, and other genome sequence associated with antimicrobial resistance] 
Rank_13|Score_63.3775|Feature_f27148798	gb|NG_055819.1|+|0-879|ARO:3006181|IMI-17	89.474	19	0	1	3	21	613	629	2.8	23.3	gb|NG_055819.1|+|0-879|ARO:3006181|IMI-17 [Enterobacter cloacae] 
Rank_13|Score_63.3775|Feature_f27148798	gb|NG_054694.1|+|0-879|ARO:3006179|IMI-15	89.474	19	0	1	3	21	613	629	2.8	23.3	gb|NG_054694.1|+|0-879|ARO:3006179|IMI-15 [Enterobacter cloacae] 
Rank_13|Score_63.3775|Feature_f27148798	gb|NG_052863.1|+|0-879|ARO:3006178|IMI-14	89.474	19	0	1	3	21	613	629	2.8	23.3	gb|NG_052863.1|+|0-879|ARO:3006178|IMI-14 [Enterobacter hormaechei] 
Rank_13|Score_63.3775|Feature_f27148798	gb|NG_055491.1|+|0-879|ARO:3006177|IMI-13	89.474	19	0	1	3	21	613	629	2.8	23.3	gb|NG_055491.1|+|0-879|ARO:3006177|IMI-13 [Enterobacter asburiae] 
Rank_13|Score_63.3775|Feature_f27148798	gb|NG_050720.1|+|0-879|ARO:3006176|IMI-12	89.474	19	0	1	3	21	613	629	2.8	23.3	gb|NG_050720.1|+|0-879|ARO:3006176|IMI-12 [Enterobacter cloacae complex] 
Rank_13|Score_63.3775|Feature_f27148798	gb|NG_051463.1|+|0-1152|ARO:3006456|ADC-99	93.750	16	0	1	4	18	478	493	2.8	23.3	gb|NG_051463.1|+|0-1152|ARO:3006456|ADC-99 [Acinetobacter baumannii] 
Rank_13|Score_63.3775|Feature_f27148798	gb|NG_051462.1|+|0-1152|ARO:3006455|ADC-98	93.750	16	0	1	4	18	478	493	2.8	23.3	gb|NG_051462.1|+|0-1152|ARO:3006455|ADC-98 [Acinetobacter baumannii] 
Rank_13|Score_63.3775|Feature_f27148798	gb|NG_051461.1|+|0-1152|ARO:3006454|ADC-97	93.750	16	0	1	4	18	478	493	2.8	23.3	gb|NG_051461.1|+|0-1152|ARO:3006454|ADC-97 [Acinetobacter baumannii] 
Rank_13|Score_63.3775|Feature_f27148798	gb|NG_051460.1|+|0-1167|ARO:3006453|ADC-96	93.750	16	0	1	4	18	478	493	2.8	23.3	gb|NG_051460.1|+|0-1167|ARO:3006453|ADC-96 [Acinetobacter baumannii] 
Rank_13|Score_63.3775|Feature_f27148798	gb|NG_051459.1|+|0-1152|ARO:3006452|ADC-95	93.750	16	0	1	4	18	478	493	2.8	23.3	gb|NG_051459.1|+|0-1152|ARO:3006452|ADC-95 [Acinetobacter baumannii] 
Rank_13|Score_63.3775|Feature_f27148798	gb|NG_051458.1|+|0-1152|ARO:3006451|ADC-94	93.750	16	0	1	4	18	478	493	2.8	23.3	gb|NG_051458.1|+|0-1152|ARO:3006451|ADC-94 [Acinetobacter baumannii] 
Rank_13|Score_63.3775|Feature_f27148798	gb|NG_051457.1|+|0-1152|ARO:3006450|ADC-93	93.750	16	0	1	4	18	478	493	2.8	23.3	gb|NG_051457.1|+|0-1152|ARO:3006450|ADC-93 [Acinetobacter baumannii] 
Rank_13|Score_63.3775|Feature_f27148798	gb|NG_051456.1|+|0-1152|ARO:3006449|ADC-92	93.750	16	0	1	4	18	478	493	2.8	23.3	gb|NG_051456.1|+|0-1152|ARO:3006449|ADC-92 [Acinetobacter baumannii] 
Rank_13|Score_63.3775|Feature_f27148798	gb|NG_051455.1|+|0-1152|ARO:3006448|ADC-91	93.750	16	0	1	4	18	478	493	2.8	23.3	gb|NG_051455.1|+|0-1152|ARO:3006448|ADC-91 [Acinetobacter baumannii] 
Rank_13|Score_63.3775|Feature_f27148798	gb|NG_051452.1|+|0-1152|ARO:3006445|ADC-88	93.750	16	0	1	4	18	478	493	2.8	23.3	gb|NG_051452.1|+|0-1152|ARO:3006445|ADC-88 [Acinetobacter baumannii] 
Rank_13|Score_63.3775|Feature_f27148798	gb|NG_048686.1|+|0-1152|ARO:3003886|ADC-80	93.750	16	0	1	4	18	478	493	2.8	23.3	gb|NG_048686.1|+|0-1152|ARO:3003886|ADC-80 [Acinetobacter] 
Rank_13|Score_63.3775|Feature_f27148798	gb|NG_064719.1|+|0-1152|ARO:3006438|ADC-66	93.750	16	0	1	4	18	478	493	2.8	23.3	gb|NG_064719.1|+|0-1152|ARO:3006438|ADC-66 [Acinetobacter baumannii] 
Rank_13|Score_63.3775|Feature_f27148798	gb|NG_064718.1|+|0-1158|ARO:3006437|ADC-65	93.750	16	0	1	4	18	478	493	2.8	23.3	gb|NG_064718.1|+|0-1158|ARO:3006437|ADC-65 [Acinetobacter baumannii] 
Rank_13|Score_63.3775|Feature_f27148798	gb|NG_048673.1|+|0-1152|ARO:3006436|ADC-63	93.750	16	0	1	4	18	478	493	2.8	23.3	gb|NG_048673.1|+|0-1152|ARO:3006436|ADC-63 [Acinetobacter baumannii] 
Rank_13|Score_63.3775|Feature_f27148798	gb|NG_051494.1|+|0-1152|ARO:3006435|ADC-57	93.750	16	0	1	4	18	478	493	2.8	23.3	gb|NG_051494.1|+|0-1152|ARO:3006435|ADC-57 [Acinetobacter baumannii] 
Rank_13|Score_63.3775|Feature_f27148798	gb|NG_048665.1|+|0-1152|ARO:3006434|ADC-54	93.750	16	0	1	4	18	478	493	2.8	23.3	gb|NG_048665.1|+|0-1152|ARO:3006434|ADC-54 [Acinetobacter baumannii] 
Rank_13|Score_63.3775|Feature_f27148798	gb|NG_048664.1|+|0-1152|ARO:3006433|ADC-53	93.750	16	0	1	4	18	478	493	2.8	23.3	gb|NG_048664.1|+|0-1152|ARO:3006433|ADC-53 [Acinetobacter baumannii] 
Rank_13|Score_63.3775|Feature_f27148798	gb|NG_048662.1|+|0-1152|ARO:3006431|ADC-51	93.750	16	0	1	4	18	478	493	2.8	23.3	gb|NG_048662.1|+|0-1152|ARO:3006431|ADC-51 [Acinetobacter baumannii] 
Rank_13|Score_63.3775|Feature_f27148798	gb|NG_056059.1|+|0-1155|ARO:3006429|ADC-33	93.750	16	0	1	4	18	478	493	2.8	23.3	gb|NG_056059.1|+|0-1155|ARO:3006429|ADC-33 [Acinetobacter baumannii] 
Rank_13|Score_63.3775|Feature_f27148798	gb|NG_050717.1|+|100-1252|ARO:3006428|ADC-32	93.750	16	0	1	4	18	478	493	2.8	23.3	gb|NG_050717.1|+|100-1252|ARO:3006428|ADC-32 [Acinetobacter baumannii] 
Rank_13|Score_63.3775|Feature_f27148798	gb|NG_051493.1|+|100-1252|ARO:3006427|ADC-29	93.750	16	0	1	4	18	478	493	2.8	23.3	gb|NG_051493.1|+|100-1252|ARO:3006427|ADC-29 [Acinetobacter baumannii] 
Rank_13|Score_63.3775|Feature_f27148798	gb|NG_073457.1|+|0-1152|ARO:3006426|ADC-256	93.750	16	0	1	4	18	478	493	2.8	23.3	gb|NG_073457.1|+|0-1152|ARO:3006426|ADC-256 [Acinetobacter baumannii] 
Rank_13|Score_63.3775|Feature_f27148798	gb|NG_071199.1|+|100-1252|ARO:3006423|ADC-253	93.750	16	0	1	4	18	478	493	2.8	23.3	gb|NG_071199.1|+|100-1252|ARO:3006423|ADC-253 [Acinetobacter pittii] 
Rank_13|Score_63.3775|Feature_f27148798	gb|NG_071196.1|+|86-1241|ARO:3006420|ADC-250	93.750	16	0	1	4	18	478	493	2.8	23.3	gb|NG_071196.1|+|86-1241|ARO:3006420|ADC-250 [Acinetobacter baumannii] 
Rank_13|Score_63.3775|Feature_f27148798	gb|NG_071195.1|+|100-1252|ARO:3006419|ADC-249	93.750	16	0	1	4	18	478	493	2.8	23.3	gb|NG_071195.1|+|100-1252|ARO:3006419|ADC-249 [Acinetobacter baumannii] 
Rank_13|Score_63.3775|Feature_f27148798	gb|NG_071194.1|+|100-1252|ARO:3006418|ADC-248	93.750	16	0	1	4	18	478	493	2.8	23.3	gb|NG_071194.1|+|100-1252|ARO:3006418|ADC-248 [Acinetobacter baumannii] 
Rank_13|Score_63.3775|Feature_f27148798	gb|NG_071191.1|+|100-1252|ARO:3006415|ADC-245	93.750	16	0	1	4	18	478	493	2.8	23.3	gb|NG_071191.1|+|100-1252|ARO:3006415|ADC-245 [Acinetobacter calcoaceticus/baumannii complex] 
Rank_13|Score_63.3775|Feature_f27148798	gb|NG_071190.1|+|100-1252|ARO:3006414|ADC-244	93.750	16	0	1	4	18	478	493	2.8	23.3	gb|NG_071190.1|+|100-1252|ARO:3006414|ADC-244 [Acinetobacter baumannii] 
Rank_13|Score_63.3775|Feature_f27148798	gb|NG_071189.1|+|100-1252|ARO:3006413|ADC-243	93.750	16	0	1	4	18	478	493	2.8	23.3	gb|NG_071189.1|+|100-1252|ARO:3006413|ADC-243 [Acinetobacter baumannii] 
Rank_13|Score_63.3775|Feature_f27148798	gb|NG_071188.1|+|100-1252|ARO:3006412|ADC-242	93.750	16	0	1	4	18	478	493	2.8	23.3	gb|NG_071188.1|+|100-1252|ARO:3006412|ADC-242 [Acinetobacter baumannii] 
Rank_13|Score_63.3775|Feature_f27148798	gb|NG_071187.1|+|100-1252|ARO:3006411|ADC-241	93.750	16	0	1	4	18	478	493	2.8	23.3	gb|NG_071187.1|+|100-1252|ARO:3006411|ADC-241 [Acinetobacter baumannii] 
Rank_13|Score_63.3775|Feature_f27148798	gb|NG_064717.1|+|0-1152|ARO:3006409|ADC-24	93.750	16	0	1	4	18	478	493	2.8	23.3	gb|NG_064717.1|+|0-1152|ARO:3006409|ADC-24 [Acinetobacter pittii] 
Rank_13|Score_63.3775|Feature_f27148798	gb|NG_071184.1|+|100-1252|ARO:3006407|ADC-238	93.750	16	0	1	4	18	478	493	2.8	23.3	gb|NG_071184.1|+|100-1252|ARO:3006407|ADC-238 [Acinetobacter baumannii] 
Rank_13|Score_63.3775|Feature_f27148798	gb|NG_071183.1|+|100-1252|ARO:3006406|ADC-237	93.750	16	0	1	4	18	478	493	2.8	23.3	gb|NG_071183.1|+|100-1252|ARO:3006406|ADC-237 [Acinetobacter baumannii] 
Rank_13|Score_63.3775|Feature_f27148798	gb|NG_067204.1|+|0-1155|ARO:3006402|ADC-233	93.750	16	0	1	4	18	478	493	2.8	23.3	gb|NG_067204.1|+|0-1155|ARO:3006402|ADC-233 [Acinetobacter baumannii] 
Rank_13|Score_63.3775|Feature_f27148798	gb|NG_067203.1|+|0-1155|ARO:3006401|ADC-232	93.750	16	0	1	4	18	478	493	2.8	23.3	gb|NG_067203.1|+|0-1155|ARO:3006401|ADC-232 [Acinetobacter baumannii] 
Rank_13|Score_63.3775|Feature_f27148798	gb|NG_067202.1|+|0-1152|ARO:3006400|ADC-231	93.750	16	0	1	4	18	478	493	2.8	23.3	gb|NG_067202.1|+|0-1152|ARO:3006400|ADC-231 [Acinetobacter baumannii] 
Rank_13|Score_63.3775|Feature_f27148798	gb|NG_067200.1|+|0-1152|ARO:3006398|ADC-229	93.750	16	0	1	4	18	478	493	2.8	23.3	gb|NG_067200.1|+|0-1152|ARO:3006398|ADC-229 [Acinetobacter baumannii] 
Rank_13|Score_63.3775|Feature_f27148798	gb|NG_067199.1|+|0-1155|ARO:3006397|ADC-228	93.750	16	0	1	4	18	478	493	2.8	23.3	gb|NG_067199.1|+|0-1155|ARO:3006397|ADC-228 [Acinetobacter baumannii] 
Rank_13|Score_63.3775|Feature_f27148798	gb|NG_067198.1|+|0-1155|ARO:3006396|ADC-227	93.750	16	0	1	4	18	478	493	2.8	23.3	gb|NG_067198.1|+|0-1155|ARO:3006396|ADC-227 [Acinetobacter baumannii] 
Rank_13|Score_63.3775|Feature_f27148798	gb|NG_067197.1|+|0-1152|ARO:3006395|ADC-226	93.750	16	0	1	4	18	478	493	2.8	23.3	gb|NG_067197.1|+|0-1152|ARO:3006395|ADC-226 [Acinetobacter baumannii] 
Rank_13|Score_63.3775|Feature_f27148798	gb|NG_067196.1|+|0-1155|ARO:3006394|ADC-225	93.750	16	0	1	4	18	478	493	2.8	23.3	gb|NG_067196.1|+|0-1155|ARO:3006394|ADC-225 [Acinetobacter baumannii] 
Rank_13|Score_63.3775|Feature_f27148798	gb|NG_067195.1|+|0-1155|ARO:3006393|ADC-224	93.750	16	0	1	4	18	478	493	2.8	23.3	gb|NG_067195.1|+|0-1155|ARO:3006393|ADC-224 [Acinetobacter baumannii] 
Rank_13|Score_63.3775|Feature_f27148798	gb|NG_067194.1|+|0-1149|ARO:3006392|ADC-223	93.750	16	0	1	4	18	478	493	2.8	23.3	gb|NG_067194.1|+|0-1149|ARO:3006392|ADC-223 [Acinetobacter baumannii] 
Rank_13|Score_63.3775|Feature_f27148798	gb|NG_067193.1|+|0-1152|ARO:3006391|ADC-222	93.750	16	0	1	4	18	478	493	2.8	23.3	gb|NG_067193.1|+|0-1152|ARO:3006391|ADC-222 [Acinetobacter baumannii] 
Rank_13|Score_63.3775|Feature_f27148798	gb|NG_067133.1|+|0-1152|ARO:3006390|ADC-221	93.750	16	0	1	4	18	478	493	2.8	23.3	gb|NG_067133.1|+|0-1152|ARO:3006390|ADC-221 [Acinetobacter pittii] 
Rank_13|Score_63.3775|Feature_f27148798	gb|NG_066500.1|+|86-1238|ARO:3006389|ADC-220	93.750	16	0	1	4	18	478	493	2.8	23.3	gb|NG_066500.1|+|86-1238|ARO:3006389|ADC-220 [Acinetobacter baumannii] 
Rank_13|Score_63.3775|Feature_f27148798	gb|NG_066499.1|+|100-1255|ARO:3006388|ADC-219	93.750	16	0	1	4	18	478	493	2.8	23.3	gb|NG_066499.1|+|100-1255|ARO:3006388|ADC-219 [Acinetobacter baumannii] 
Rank_13|Score_63.3775|Feature_f27148798	gb|NG_066498.1|+|99-1254|ARO:3006387|ADC-218	93.750	16	0	1	4	18	478	493	2.8	23.3	gb|NG_066498.1|+|99-1254|ARO:3006387|ADC-218 [Acinetobacter baumannii] 
Rank_13|Score_63.3775|Feature_f27148798	gb|NG_066497.1|+|86-1238|ARO:3006386|ADC-217	93.750	16	0	1	4	18	478	493	2.8	23.3	gb|NG_066497.1|+|86-1238|ARO:3006386|ADC-217 [Acinetobacter baumannii] 
Rank_13|Score_63.3775|Feature_f27148798	gb|NG_066496.1|+|100-1252|ARO:3006385|ADC-216	93.750	16	0	1	4	18	478	493	2.8	23.3	gb|NG_066496.1|+|100-1252|ARO:3006385|ADC-216 [Acinetobacter baumannii] 
Rank_13|Score_63.3775|Feature_f27148798	gb|NG_066493.1|+|99-1254|ARO:3006382|ADC-213	93.750	16	0	1	4	18	478	493	2.8	23.3	gb|NG_066493.1|+|99-1254|ARO:3006382|ADC-213 [Acinetobacter baumannii] 
Rank_13|Score_63.3775|Feature_f27148798	gb|NG_066492.1|+|85-1240|ARO:3006381|ADC-212	93.750	16	0	1	4	18	478	493	2.8	23.3	gb|NG_066492.1|+|85-1240|ARO:3006381|ADC-212 [Acinetobacter baumannii] 
Rank_13|Score_63.3775|Feature_f27148798	gb|NG_066491.1|+|0-1152|ARO:3006380|ADC-211	93.750	16	0	1	4	18	478	493	2.8	23.3	gb|NG_066491.1|+|0-1152|ARO:3006380|ADC-211 [Acinetobacter baumannii] 
Rank_13|Score_63.3775|Feature_f27148798	gb|NG_066487.1|+|0-1152|ARO:3006376|ADC-207	93.750	16	0	1	4	18	478	493	2.8	23.3	gb|NG_066487.1|+|0-1152|ARO:3006376|ADC-207 [Acinetobacter pittii] 
Rank_13|Score_63.3775|Feature_f27148798	gb|NG_066486.1|+|0-1152|ARO:3006375|ADC-206	93.750	16	0	1	4	18	478	493	2.8	23.3	gb|NG_066486.1|+|0-1152|ARO:3006375|ADC-206 [Acinetobacter pittii] 
Rank_13|Score_63.3775|Feature_f27148798	gb|NG_066484.1|+|0-1152|ARO:3006373|ADC-204	93.750	16	0	1	4	18	478	493	2.8	23.3	gb|NG_066484.1|+|0-1152|ARO:3006373|ADC-204 [Acinetobacter baumannii] 
Rank_13|Score_63.3775|Feature_f27148798	gb|NG_066483.1|+|0-1152|ARO:3006372|ADC-203	93.750	16	0	1	4	18	478	493	2.8	23.3	gb|NG_066483.1|+|0-1152|ARO:3006372|ADC-203 [Acinetobacter baumannii] 
Rank_13|Score_63.3775|Feature_f27148798	gb|NG_064709.1|+|0-1152|ARO:3006355|ADC-186	93.750	16	0	1	4	18	478	493	2.8	23.3	gb|NG_064709.1|+|0-1152|ARO:3006355|ADC-186 [Acinetobacter baumannii] 
Rank_13|Score_63.3775|Feature_f27148798	gb|NG_064708.1|+|0-1152|ARO:3006354|ADC-185	93.750	16	0	1	4	18	478	493	2.8	23.3	gb|NG_064708.1|+|0-1152|ARO:3006354|ADC-185 [Acinetobacter baumannii] 
Rank_13|Score_63.3775|Feature_f27148798	gb|NG_061396.1|+|0-1152|ARO:3006352|ADC-180	93.750	16	0	1	4	18	478	493	2.8	23.3	gb|NG_061396.1|+|0-1152|ARO:3006352|ADC-180 [Acinetobacter baumannii] 
Rank_13|Score_63.3775|Feature_f27148798	gb|NG_061394.1|+|0-1152|ARO:3006350|ADC-178	93.750	16	0	1	4	18	478	493	2.8	23.3	gb|NG_061394.1|+|0-1152|ARO:3006350|ADC-178 [Acinetobacter baumannii] 
Rank_13|Score_63.3775|Feature_f27148798	gb|NG_061393.1|+|0-1152|ARO:3006349|ADC-177	93.750	16	0	1	4	18	478	493	2.8	23.3	gb|NG_061393.1|+|0-1152|ARO:3006349|ADC-177 [Acinetobacter baumannii] 
Rank_13|Score_63.3775|Feature_f27148798	gb|NG_061392.1|+|0-1167|ARO:3006348|ADC-176	93.750	16	0	1	4	18	478	493	2.8	23.3	gb|NG_061392.1|+|0-1167|ARO:3006348|ADC-176 [Acinetobacter baumannii] 
Rank_13|Score_63.3775|Feature_f27148798	gb|NG_061390.1|+|0-1152|ARO:3006346|ADC-174	93.750	16	0	1	4	18	478	493	2.8	23.3	gb|NG_061390.1|+|0-1152|ARO:3006346|ADC-174 [Acinetobacter baumannii] 
Rank_13|Score_63.3775|Feature_f27148798	gb|NG_056164.1|+|100-1255|ARO:3006345|ADC-173	93.750	16	0	1	4	18	478	493	2.8	23.3	gb|NG_056164.1|+|100-1255|ARO:3006345|ADC-173 [Acinetobacter baumannii] 
Rank_13|Score_63.3775|Feature_f27148798	gb|NG_055285.1|+|0-1152|ARO:3006329|ADC-155	93.750	16	0	1	4	18	478	493	2.8	23.3	gb|NG_055285.1|+|0-1152|ARO:3006329|ADC-155 [Acinetobacter baumannii] 
Rank_13|Score_63.3775|Feature_f27148798	gb|NG_055657.1|+|0-1152|ARO:3006327|ADC-153	93.750	16	0	1	4	18	478	493	2.8	23.3	gb|NG_055657.1|+|0-1152|ARO:3006327|ADC-153 [Acinetobacter baumannii] 
Rank_13|Score_63.3775|Feature_f27148798	gb|NG_064706.1|+|100-1252|ARO:3006325|ADC-151	93.750	16	0	1	4	18	478	493	2.8	23.3	gb|NG_064706.1|+|100-1252|ARO:3006325|ADC-151 [Acinetobacter pittii] 
Rank_13|Score_63.3775|Feature_f27148798	gb|NG_064705.1|+|0-1152|ARO:3006324|ADC-150	93.750	16	0	1	4	18	478	493	2.8	23.3	gb|NG_064705.1|+|0-1152|ARO:3006324|ADC-150 [Acinetobacter] 
Rank_13|Score_63.3775|Feature_f27148798	gb|NG_064702.1|+|84-1236|ARO:3006321|ADC-147	93.750	16	0	1	4	18	478	493	2.8	23.3	gb|NG_064702.1|+|84-1236|ARO:3006321|ADC-147 [Acinetobacter baumannii] 
Rank_13|Score_63.3775|Feature_f27148798	gb|NG_064701.1|+|65-1217|ARO:3006320|ADC-146	93.750	16	0	1	4	18	478	493	2.8	23.3	gb|NG_064701.1|+|65-1217|ARO:3006320|ADC-146 [Acinetobacter baumannii] 
Rank_13|Score_63.3775|Feature_f27148798	gb|NG_064700.1|+|8-1160|ARO:3006319|ADC-145	93.750	16	0	1	4	18	478	493	2.8	23.3	gb|NG_064700.1|+|8-1160|ARO:3006319|ADC-145 [Acinetobacter baumannii] 
Rank_13|Score_63.3775|Feature_f27148798	gb|NG_064699.1|+|100-1252|ARO:3006318|ADC-144	93.750	16	0	1	4	18	478	493	2.8	23.3	gb|NG_064699.1|+|100-1252|ARO:3006318|ADC-144 [Acinetobacter baumannii] 
Rank_13|Score_63.3775|Feature_f27148798	gb|NG_064698.1|+|100-1252|ARO:3006317|ADC-143	93.750	16	0	1	4	18	478	493	2.8	23.3	gb|NG_064698.1|+|100-1252|ARO:3006317|ADC-143 [Acinetobacter baumannii] 
Rank_13|Score_63.3775|Feature_f27148798	gb|NG_064697.1|+|100-1252|ARO:3006316|ADC-141	93.750	16	0	1	4	18	478	493	2.8	23.3	gb|NG_064697.1|+|100-1252|ARO:3006316|ADC-141 [Acinetobacter baumannii] 
Rank_13|Score_63.3775|Feature_f27148798	gb|NG_064696.1|+|100-1252|ARO:3006315|ADC-140	93.750	16	0	1	4	18	478	493	2.8	23.3	gb|NG_064696.1|+|100-1252|ARO:3006315|ADC-140 [Acinetobacter baumannii] 
Rank_13|Score_63.3775|Feature_f27148798	gb|NG_064695.1|+|100-1252|ARO:3006314|ADC-139	93.750	16	0	1	4	18	478	493	2.8	23.3	gb|NG_064695.1|+|100-1252|ARO:3006314|ADC-139 [Acinetobacter baumannii] 
Rank_13|Score_63.3775|Feature_f27148798	gb|NG_064694.1|+|100-1252|ARO:3006313|ADC-138	93.750	16	0	1	4	18	478	493	2.8	23.3	gb|NG_064694.1|+|100-1252|ARO:3006313|ADC-138 [Acinetobacter lactucae] 
Rank_13|Score_63.3775|Feature_f27148798	gb|NG_064688.1|+|100-1252|ARO:3006307|ADC-132	93.750	16	0	1	4	18	478	493	2.8	23.3	gb|NG_064688.1|+|100-1252|ARO:3006307|ADC-132 [Acinetobacter] 
Rank_13|Score_63.3775|Feature_f27148798	gb|NG_064685.1|+|100-1252|ARO:3006304|ADC-129	93.750	16	0	1	4	18	478	493	2.8	23.3	gb|NG_064685.1|+|100-1252|ARO:3006304|ADC-129 [Acinetobacter calcoaceticus] 
Rank_13|Score_63.3775|Feature_f27148798	gb|NG_064684.1|+|100-1252|ARO:3006303|ADC-128	93.750	16	0	1	4	18	478	493	2.8	23.3	gb|NG_064684.1|+|100-1252|ARO:3006303|ADC-128 [Acinetobacter calcoaceticus] 
Rank_13|Score_63.3775|Feature_f27148798	gb|NG_064683.1|+|100-1252|ARO:3006302|ADC-127	93.750	16	0	1	4	18	478	493	2.8	23.3	gb|NG_064683.1|+|100-1252|ARO:3006302|ADC-127 [Acinetobacter calcoaceticus] 
Rank_13|Score_63.3775|Feature_f27148798	gb|NG_064681.1|+|100-1252|ARO:3006300|ADC-123	93.750	16	0	1	4	18	478	493	2.8	23.3	gb|NG_064681.1|+|100-1252|ARO:3006300|ADC-123 [Acinetobacter baumannii] 
Rank_13|Score_63.3775|Feature_f27148798	gb|NG_064680.1|+|100-1252|ARO:3006299|ADC-122	93.750	16	0	1	4	18	478	493	2.8	23.3	gb|NG_064680.1|+|100-1252|ARO:3006299|ADC-122 [Acinetobacter baumannii] 
Rank_13|Score_63.3775|Feature_f27148798	gb|NG_064679.1|+|100-1252|ARO:3006298|ADC-121	93.750	16	0	1	4	18	478	493	2.8	23.3	gb|NG_064679.1|+|100-1252|ARO:3006298|ADC-121 [Acinetobacter baumannii] 
Rank_13|Score_63.3775|Feature_f27148798	gb|NG_051439.1|+|0-1158|ARO:3006280|ADC-100	93.750	16	0	1	4	18	478	493	2.8	23.3	gb|NG_051439.1|+|0-1158|ARO:3006280|ADC-100 [Acinetobacter baumannii] 
Rank_13|Score_63.3775|Feature_f27148798	gb|NG_066480.1|+|0-1152|ARO:3006369|ADC-200	93.750	16	0	1	4	18	478	493	2.8	23.3	gb|NG_066480.1|+|0-1152|ARO:3006369|ADC-200 [Acinetobacter baumannii] 
Rank_13|Score_63.3775|Feature_f27148798	gb|NG_051442.1|+|0-1152|ARO:3006283|ADC-103	93.750	16	0	1	4	18	478	493	2.8	23.3	gb|NG_051442.1|+|0-1152|ARO:3006283|ADC-103 [Acinetobacter baumannii] 
Rank_13|Score_63.3775|Feature_f27148798	gb|NG_051441.1|+|0-1152|ARO:3006282|ADC-102	93.750	16	0	1	4	18	478	493	2.8	23.3	gb|NG_051441.1|+|0-1152|ARO:3006282|ADC-102 [Acinetobacter baumannii] 
Rank_13|Score_63.3775|Feature_f27148798	gb|NG_066479.1|+|0-1167|ARO:3006368|ADC-199	93.750	16	0	1	4	18	478	493	2.8	23.3	gb|NG_066479.1|+|0-1167|ARO:3006368|ADC-199 [Acinetobacter baumannii] 
Rank_13|Score_63.3775|Feature_f27148798	gb|NG_066478.1|+|0-1155|ARO:3006367|ADC-198	93.750	16	0	1	4	18	478	493	2.8	23.3	gb|NG_066478.1|+|0-1155|ARO:3006367|ADC-198 [Acinetobacter baumannii] 
Rank_13|Score_63.3775|Feature_f27148798	gb|NG_056162.1|+|100-1255|ARO:3006344|ADC-172	93.750	16	0	1	4	18	478	493	2.8	23.3	gb|NG_056162.1|+|100-1255|ARO:3006344|ADC-172 [Acinetobacter baumannii] 
Rank_13|Score_63.3775|Feature_f27148798	gb|NG_056163.1|+|100-1255|ARO:3006343|ADC-171	93.750	16	0	1	4	18	478	493	2.8	23.3	gb|NG_056163.1|+|100-1255|ARO:3006343|ADC-171 [Acinetobacter baumannii] 
Rank_13|Score_63.3775|Feature_f27148798	gb|NG_056172.1|+|0-1152|ARO:3006341|ADC-169	93.750	16	0	1	4	18	478	493	2.8	23.3	gb|NG_056172.1|+|0-1152|ARO:3006341|ADC-169 [Acinetobacter baumannii] 
Rank_13|Score_63.3775|Feature_f27148798	gb|NG_056110.1|+|0-1152|ARO:3006340|ADC-168	93.750	16	0	1	4	18	478	493	2.8	23.3	gb|NG_056110.1|+|0-1152|ARO:3006340|ADC-168 [Acinetobacter baumannii] 
Rank_13|Score_63.3775|Feature_f27148798	gb|NG_051440.1|+|0-1152|ARO:3006281|ADC-101	93.750	16	0	1	4	18	478	493	2.8	23.3	gb|NG_051440.1|+|0-1152|ARO:3006281|ADC-101 [Acinetobacter baumannii] 
Rank_13|Score_63.3775|Feature_f27148798	gb|NG_056109.1|+|0-1152|ARO:3006339|ADC-167	93.750	16	0	1	4	18	478	493	2.8	23.3	gb|NG_056109.1|+|0-1152|ARO:3006339|ADC-167 [Acinetobacter baumannii] 
Rank_13|Score_63.3775|Feature_f27148798	gb|NG_066477.1|+|0-1152|ARO:3006366|ADC-197	93.750	16	0	1	4	18	478	493	2.8	23.3	gb|NG_066477.1|+|0-1152|ARO:3006366|ADC-197 [Acinetobacter baumannii] 
Rank_13|Score_63.3775|Feature_f27148798	gb|NG_065858.1|+|0-1152|ARO:3006365|ADC-196	93.750	16	0	1	4	18	478	493	2.8	23.3	gb|NG_065858.1|+|0-1152|ARO:3006365|ADC-196 [Acinetobacter baumannii] 
Rank_13|Score_63.3775|Feature_f27148798	gb|NG_056108.1|+|0-1152|ARO:3006338|ADC-166	93.750	16	0	1	4	18	478	493	2.8	23.3	gb|NG_056108.1|+|0-1152|ARO:3006338|ADC-166 [Acinetobacter baumannii] 
Rank_13|Score_63.3775|Feature_f27148798	gb|NG_056107.1|+|0-1152|ARO:3006337|ADC-165	93.750	16	0	1	4	18	478	493	2.8	23.3	gb|NG_056107.1|+|0-1152|ARO:3006337|ADC-165 [Acinetobacter baumannii] 
Rank_13|Score_63.3775|Feature_f27148798	gb|NG_064677.1|+|100-1252|ARO:3006296|ADC-119	93.750	16	0	1	4	18	478	493	2.8	23.3	gb|NG_064677.1|+|100-1252|ARO:3006296|ADC-119 [Acinetobacter baumannii] 
Rank_13|Score_63.3775|Feature_f27148798	gb|KC866352.1|+|0-1152|ARO:3004493|ADC-68	93.750	16	0	1	4	18	478	493	2.8	23.3	gb|KC866352.1|+|0-1152|ARO:3004493|ADC-68 [Acinetobacter baumannii] 
Rank_13|Score_63.3775|Feature_f27148798	gb|NG_064676.1|+|100-1252|ARO:3006295|ADC-117	93.750	16	0	1	4	18	478	493	2.8	23.3	gb|NG_064676.1|+|100-1252|ARO:3006295|ADC-117 [Acinetobacter baumannii] 
Rank_13|Score_63.3775|Feature_f27148798	gb|NG_064675.1|+|100-1252|ARO:3006294|ADC-116	93.750	16	0	1	4	18	478	493	2.8	23.3	gb|NG_064675.1|+|100-1252|ARO:3006294|ADC-116 [Acinetobacter baumannii] 
Rank_13|Score_63.3775|Feature_f27148798	gb|NG_056105.1|+|0-1152|ARO:3006335|ADC-163	93.750	16	0	1	4	18	478	493	2.8	23.3	gb|NG_056105.1|+|0-1152|ARO:3006335|ADC-163 [Acinetobacter baumannii] 
Rank_13|Score_63.3775|Feature_f27148798	gb|NG_064674.1|+|100-1252|ARO:3006293|ADC-115	93.750	16	0	1	4	18	478	493	2.8	23.3	gb|NG_064674.1|+|100-1252|ARO:3006293|ADC-115 [Acinetobacter baumannii] 
Rank_13|Score_63.3775|Feature_f27148798	gb|NG_064673.1|+|30-1185|ARO:3006292|ADC-114	93.750	16	0	1	4	18	478	493	2.8	23.3	gb|NG_064673.1|+|30-1185|ARO:3006292|ADC-114 [Acinetobacter baumannii] 
Rank_13|Score_63.3775|Feature_f27148798	gb|NG_064672.1|+|0-1152|ARO:3006291|ADC-113	93.750	16	0	1	4	18	478	493	2.8	23.3	gb|NG_064672.1|+|0-1152|ARO:3006291|ADC-113 [Acinetobacter baumannii] 
Rank_13|Score_63.3775|Feature_f27148798	gb|NG_064671.1|+|0-1152|ARO:3006290|ADC-112	93.750	16	0	1	4	18	478	493	2.8	23.3	gb|NG_064671.1|+|0-1152|ARO:3006290|ADC-112 [Acinetobacter baumannii] 
Rank_13|Score_63.3775|Feature_f27148798	gb|JEXY01000001.1|+|379-1531|ARO:3003888|ADC-82	93.750	16	0	1	4	18	478	493	2.8	23.3	gb|JEXY01000001.1|+|379-1531|ARO:3003888|ADC-82 [Acinetobacter baumannii 1552865] 
Rank_13|Score_63.3775|Feature_f27148798	gb|NG_056060.1|+|0-1152|ARO:3006334|ADC-162	93.750	16	0	1	4	18	478	493	2.8	23.3	gb|NG_056060.1|+|0-1152|ARO:3006334|ADC-162 [Acinetobacter baumannii] 
Rank_13|Score_63.3775|Feature_f27148798	gb|KP881239.1|+|0-1152|ARO:3003885|ADC-79	93.750	16	0	1	4	18	478	493	2.8	23.3	gb|KP881239.1|+|0-1152|ARO:3003885|ADC-79 [Acinetobacter baumannii] 
Rank_13|Score_63.3775|Feature_f27148798	gb|KP881238.1|+|0-1152|ARO:3003884|ADC-78	93.750	16	0	1	4	18	478	493	2.8	23.3	gb|KP881238.1|+|0-1152|ARO:3003884|ADC-78 [Acinetobacter baumannii] 
Rank_13|Score_63.3775|Feature_f27148798	gb|KP881237.1|+|53-1205|ARO:3003883|ADC-77	93.750	16	0	1	4	18	478	493	2.8	23.3	gb|KP881237.1|+|53-1205|ARO:3003883|ADC-77 [Acinetobacter baumannii] 
Rank_13|Score_63.3775|Feature_f27148798	gb|KP881236.1|+|0-1152|ARO:3003882|ADC-76	93.750	16	0	1	4	18	478	493	2.8	23.3	gb|KP881236.1|+|0-1152|ARO:3003882|ADC-76 [Acinetobacter baumannii] 
Rank_13|Score_63.3775|Feature_f27148798	gb|KP881235.1|+|0-1152|ARO:3003881|ADC-75	93.750	16	0	1	4	18	478	493	2.8	23.3	gb|KP881235.1|+|0-1152|ARO:3003881|ADC-75 [Acinetobacter baumannii] 
Rank_13|Score_63.3775|Feature_f27148798	gb|JQ753702.1|+|0-1152|ARO:3003879|ADC-61	93.750	16	0	1	4	18	478	493	2.8	23.3	gb|JQ753702.1|+|0-1152|ARO:3003879|ADC-61 [Acinetobacter baumannii] 
Rank_13|Score_63.3775|Feature_f27148798	gb|HQ662682.1|+|0-1152|ARO:3003878|ADC-56	93.750	16	0	1	4	18	478	493	2.8	23.3	gb|HQ662682.1|+|0-1152|ARO:3003878|ADC-56 [Acinetobacter baumannii] 
Rank_13|Score_63.3775|Feature_f27148798	gb|FJ744162.1|+|0-1152|ARO:3003874|ADC-43	93.750	16	0	1	4	18	478	493	2.8	23.3	gb|FJ744162.1|+|0-1152|ARO:3003874|ADC-43 [Acinetobacter pittii] 
Rank_13|Score_63.3775|Feature_f27148798	gb|FJ744160.1|+|0-1152|ARO:3003872|ADC-41	93.750	16	0	1	4	18	478	493	2.8	23.3	gb|FJ744160.1|+|0-1152|ARO:3003872|ADC-41 [Acinetobacter pittii] 
Rank_13|Score_63.3775|Feature_f27148798	gb|AM283524.1|+|0-1152|ARO:3003861|ADC-17	93.750	16	0	1	4	18	478	493	2.8	23.3	gb|AM283524.1|+|0-1152|ARO:3003861|ADC-17 [Acinetobacter pittii] 
Rank_13|Score_63.3775|Feature_f27148798	gb|NG_064670.1|+|0-1152|ARO:3006289|ADC-110	93.750	16	0	1	4	18	478	493	2.8	23.3	gb|NG_064670.1|+|0-1152|ARO:3006289|ADC-110 [Acinetobacter baumannii] 
Rank_13|Score_63.3775|Feature_f27148798	gb|NG_064669.1|+|100-1252|ARO:3006288|ADC-109	93.750	16	0	1	4	18	478	493	2.8	23.3	gb|NG_064669.1|+|100-1252|ARO:3006288|ADC-109 [Acinetobacter baumannii] 
Rank_13|Score_63.3775|Feature_f27148798	gb|NG_051446.1|+|0-1152|ARO:3006287|ADC-107	93.750	16	0	1	4	18	478	493	2.8	23.3	gb|NG_051446.1|+|0-1152|ARO:3006287|ADC-107 [Acinetobacter baumannii] 
Rank_13|Score_63.3775|Feature_f27148798	gb|NG_064715.1|+|0-1152|ARO:3006361|ADC-192	93.750	16	0	1	4	18	478	493	2.8	23.3	gb|NG_064715.1|+|0-1152|ARO:3006361|ADC-192 [Acinetobacter baumannii] 
Rank_13|Score_63.3775|Feature_f27148798	gb|EF016355.1|+|0-1152|ARO:3003868|ADC-25	93.750	16	0	1	4	18	478	493	2.8	23.3	gb|EF016355.1|+|0-1152|ARO:3003868|ADC-25 [Acinetobacter baumannii] 
Rank_13|Score_63.3775|Feature_f27148798	gb|AM283519.1|+|0-1152|ARO:3003866|ADC-22	93.750	16	0	1	4	18	478	493	2.8	23.3	gb|AM283519.1|+|0-1152|ARO:3003866|ADC-22 [Acinetobacter pittii] 
Rank_13|Score_63.3775|Feature_f27148798	gb|AM283521.1|+|0-1152|ARO:3003864|ADC-20	93.750	16	0	1	4	18	478	493	2.8	23.3	gb|AM283521.1|+|0-1152|ARO:3003864|ADC-20 [Acinetobacter pittii] 
Rank_13|Score_63.3775|Feature_f27148798	gb|AM283522.1|+|0-1152|ARO:3003863|ADC-19	93.750	16	0	1	4	18	478	493	2.8	23.3	gb|AM283522.1|+|0-1152|ARO:3003863|ADC-19 [Acinetobacter pittii] 
Rank_13|Score_63.3775|Feature_f27148798	gb|NG_064714.1|+|0-1152|ARO:3006360|ADC-191	93.750	16	0	1	4	18	478	493	2.8	23.3	gb|NG_064714.1|+|0-1152|ARO:3006360|ADC-191 [Acinetobacter baumannii] 
Rank_13|Score_63.3775|Feature_f27148798	gb|NG_055788.1|+|0-1152|ARO:3006333|ADC-160	93.750	16	0	1	4	18	478	493	2.8	23.3	gb|NG_055788.1|+|0-1152|ARO:3006333|ADC-160 [Acinetobacter baumannii] 
Rank_13|Score_63.3775|Feature_f27148798	gb|NG_055786.1|+|0-1152|ARO:3006332|ADC-158	93.750	16	0	1	4	18	478	493	2.8	23.3	gb|NG_055786.1|+|0-1152|ARO:3006332|ADC-158 [Acinetobacter baumannii] 
Rank_13|Score_63.3775|Feature_f27148798	gb|NG_055287.1|+|0-1152|ARO:3006331|ADC-157	93.750	16	0	1	4	18	478	493	2.8	23.3	gb|NG_055287.1|+|0-1152|ARO:3006331|ADC-157 [Acinetobacter baumannii] 
Rank_13|Score_63.3775|Feature_f27148798	gb|CP001921.1|+|2803996-2805148|ARO:3003870|ADC-31	93.750	16	0	1	4	18	478	493	2.8	23.3	gb|CP001921.1|+|2803996-2805148|ARO:3003870|ADC-31 [Acinetobacter baumannii 1656-2] 
Rank_13|Score_63.3775|Feature_f27148798	gb|JQ867374.1|+|0-1152|ARO:3004632|ADC-62	93.750	16	0	1	4	18	478	493	2.8	23.3	gb|JQ867374.1|+|0-1152|ARO:3004632|ADC-62 [Acinetobacter baumannii] 
Rank_13|Score_63.3775|Feature_f27148798	gb|AY648950.1|+|0-1152|ARO:3003853|ADC-7	93.750	16	0	1	4	18	478	493	2.8	23.3	gb|AY648950.1|+|0-1152|ARO:3003853|ADC-7 [Acinetobacter baumannii] 
Rank_13|Score_63.3775|Feature_f27148798	gb|MG601730.1|+|0-1152|ARO:3003852|ADC-6	93.750	16	0	1	4	18	478	493	2.8	23.3	gb|MG601730.1|+|0-1152|ARO:3003852|ADC-6 [Acinetobacter baumannii] 
Rank_13|Score_63.3775|Feature_f27148798	gb|AY178996.1|+|0-1152|ARO:3003850|ADC-4	93.750	16	0	1	4	18	478	493	2.8	23.3	gb|AY178996.1|+|0-1152|ARO:3003850|ADC-4 [Acinetobacter baumannii] 
Rank_13|Score_63.3775|Feature_f27148798	gb|AY178995.1|+|0-1152|ARO:3003849|ADC-3	93.750	16	0	1	4	18	478	493	2.8	23.3	gb|AY178995.1|+|0-1152|ARO:3003849|ADC-3 [Acinetobacter baumannii] 
Rank_13|Score_63.3775|Feature_f27148798	gb|AJ009979.1|+|0-1152|ARO:3003847|ADC-1	93.750	16	0	1	4	18	478	493	2.8	23.3	gb|AJ009979.1|+|0-1152|ARO:3003847|ADC-1 [Acinetobacter baumannii] 
Rank_13|Score_63.3775|Feature_f27148798	gb|KP881233.1|+|0-1152|ARO:3004634|ADC-73	93.750	16	0	1	4	18	478	493	2.8	23.3	gb|KP881233.1|+|0-1152|ARO:3004634|ADC-73 [Acinetobacter baumannii] 
Rank_13|Score_63.3775|Feature_f27148798	gb|JX169789.1|+|0-1152|ARO:3004633|ADC-67	93.750	16	0	1	4	18	478	493	2.8	23.3	gb|JX169789.1|+|0-1152|ARO:3004633|ADC-67 [Acinetobacter baumannii] 
Rank_13|Score_63.3775|Feature_f27148798	gb|NG_064711.1|+|0-1152|ARO:3006357|ADC-188	93.750	16	0	1	4	18	478	493	2.8	23.3	gb|NG_064711.1|+|0-1152|ARO:3006357|ADC-188 [Acinetobacter baumannii] 
Rank_13|Score_63.3775|Feature_f27148798	gb|AY177427.1|+|1141-2293|ARO:3003848|ADC-2	93.750	16	0	1	4	18	478	493	2.8	23.3	gb|AY177427.1|+|1141-2293|ARO:3003848|ADC-2 [Oligella urethralis] 
Rank_13|Score_63.3775|Feature_f27148798	gb|JQ692087.1|+|0-1152|ARO:3004620|ADC-60	93.750	16	0	1	4	18	478	493	2.8	23.3	gb|JQ692087.1|+|0-1152|ARO:3004620|ADC-60 [Acinetobacter baumannii] 
Rank_13|Score_63.3775|Feature_f27148798	gb|JQ319654.1|+|0-1152|ARO:3004619|ADC-59	93.750	16	0	1	4	18	478	493	2.8	23.3	gb|JQ319654.1|+|0-1152|ARO:3004619|ADC-59 [Acinetobacter baumannii] 
Rank_13|Score_63.3775|Feature_f27148798	gb|JQ319653.1|+|0-1152|ARO:3004618|ADC-58	93.750	16	0	1	4	18	478	493	2.8	23.3	gb|JQ319653.1|+|0-1152|ARO:3004618|ADC-58 [Acinetobacter baumannii] 
Rank_13|Score_63.3775|Feature_f27148798	gb|JF265068.1|+|954-2106|ARO:3004617|ADC-30	93.750	16	0	1	4	18	478	493	2.8	23.3	gb|JF265068.1|+|954-2106|ARO:3004617|ADC-30 [Acinetobacter baumannii] 
Rank_13|Score_63.3775|Feature_f27148798	gb|DQ883640.1|+|0-1167|ARO:3003855|ADC-10	93.750	16	0	1	4	18	478	493	2.8	23.3	gb|DQ883640.1|+|0-1167|ARO:3003855|ADC-10 [Acinetobacter baumannii] 
Rank_13|Score_63.3775|Feature_f27148798	gb|NG_051445.1|+|0-1152|ARO:3006286|ADC-106	93.750	16	0	1	4	18	478	493	2.8	23.3	gb|NG_051445.1|+|0-1152|ARO:3006286|ADC-106 [Acinetobacter baumannii] 
Rank_13|Score_63.3775|Feature_f27148798	gb|NG_051444.1|+|0-1152|ARO:3006285|ADC-105	93.750	16	0	1	4	18	478	493	2.8	23.3	gb|NG_051444.1|+|0-1152|ARO:3006285|ADC-105 [Acinetobacter baumannii] 
Rank_13|Score_63.3775|Feature_f27148798	gb|Z21956.1|+|1220-2099|ARO:3003589|NmcA	89.474	19	0	1	3	21	613	629	2.8	23.3	gb|Z21956.1|+|1220-2099|ARO:3003589|NmcA [Enterobacter cloacae] 
Rank_13|Score_63.3775|Feature_f27148798	gb|U50278.1|+|1263-2142|ARO:3001858|IMI-1	89.474	19	0	1	3	21	613	629	2.8	23.3	gb|U50278.1|+|1263-2142|ARO:3001858|IMI-1 [Enterobacter cloacae] 
Rank_13|Score_63.3775|Feature_f27148798	gb|GU015024.1|+|0-879|ARO:3001860|IMI-3	89.474	19	0	1	3	21	613	629	2.8	23.3	gb|GU015024.1|+|0-879|ARO:3001860|IMI-3 [Enterobacter cloacae] 
Rank_13|Score_63.3775|Feature_f27148798	gb|KF958750.1|+|0-879|ARO:3001861|IMI-4	89.474	19	0	1	3	21	613	629	2.8	23.3	gb|KF958750.1|+|0-879|ARO:3001861|IMI-4 [Enterobacter cloacae] 
Rank_13|Score_63.3775|Feature_f27148798	gb|KM103296.1|+|0-879|ARO:3003177|IMI-7	89.474	19	0	1	3	21	613	629	2.8	23.3	gb|KM103296.1|+|0-879|ARO:3003177|IMI-7 [Enterobacter cloacae] 
Rank_13|Score_63.3775|Feature_f27148798	gb|DQ173429.1|+|0-879|ARO:3001859|IMI-2	89.474	19	0	1	3	21	613	629	2.8	23.3	gb|DQ173429.1|+|0-879|ARO:3001859|IMI-2 [Enterobacter asburiae] 
Rank_14|Score_48.9877|Feature_f262090	gb|EU022314.1|+|0-861|ARO:3004623|AAC(3)-IId	100.000	21	0	0	1	21	463	483	2.80e-05	39.9	gb|EU022314.1|+|0-861|ARO:3004623|AAC(3)-IId [Escherichia coli] 
Rank_14|Score_48.9877|Feature_f262090	gb|EU022315.1|+|0-861|ARO:3004621|AAC(3)-IIe	100.000	21	0	0	1	21	463	483	2.80e-05	39.9	gb|EU022315.1|+|0-861|ARO:3004621|AAC(3)-IIe [Escherichia coli] 
Rank_14|Score_48.9877|Feature_f262090	gb|X54723.1|+|818-1679|ARO:3002535|AAC(3)-IIc	100.000	21	0	0	1	21	463	483	2.80e-05	39.9	gb|X54723.1|+|818-1679|ARO:3002535|AAC(3)-IIc [Escherichia coli] 
Rank_14|Score_48.9877|Feature_f262090	gb|X13543.1|+|185-1046|ARO:3002533|AAC(3)-IIa	100.000	21	0	0	1	21	463	483	2.80e-05	39.9	gb|X13543.1|+|185-1046|ARO:3002533|AAC(3)-IIa [Plasmid pWP113a] 
Rank_14|Score_48.9877|Feature_f262090	gb|AF353562.1|-|2212-3322|ARO:3000481|tet(35)	100.000	14	0	0	8	21	422	435	0.22	27.0	gb|AF353562.1|-|2212-3322|ARO:3000481|tet(35) [Vibrio harveyi] 
Rank_14|Score_48.9877|Feature_f262090	gb|AL123456.1|+|2231679-2232219|ARO:3000392|Erm(37)	94.118	17	0	1	4	20	355	340	0.78	25.1	gb|AL123456.1|+|2231679-2232219|ARO:3000392|Erm(37) [Mycobacterium tuberculosis H37Rv] 
Rank_14|Score_48.9877|Feature_f262090	gb|OM212391.1|+|0-915|ARO:3008199|HBL-1	89.474	19	0	2	3	21	399	415	2.8	23.3	gb|OM212391.1|+|0-915|ARO:3008199|HBL-1 [Bordetella hinzii] 
Rank_14|Score_48.9877|Feature_f262090	gb|MF095097.1|-|1855-3484|ARO:3004470|poxtA	100.000	12	0	0	6	17	132	143	2.8	23.3	gb|MF095097.1|-|1855-3484|ARO:3004470|poxtA [Staphylococcus aureus] 
Rank_14|Score_48.9877|Feature_f262090	gb|EU370913.1|+|47850-51003|ARO:3003923|oqxB	100.000	12	0	0	3	14	1485	1496	2.8	23.3	gb|EU370913.1|+|47850-51003|ARO:3003923|oqxB [Escherichia coli] 
Rank_14|Score_48.9877|Feature_f262090	gb|AJ000283.1|+|619-1849|ARO:3000343|tap	100.000	12	0	0	10	21	814	825	2.8	23.3	gb|AJ000283.1|+|619-1849|ARO:3000343|tap [Mycolicibacterium fortuitum] 
Rank_14|Score_48.9877|Feature_f262090	gb|JX486113.1|+|0-795|ARO:3002668|rmtG	100.000	12	0	0	10	21	298	309	2.8	23.3	gb|JX486113.1|+|0-795|ARO:3002668|rmtG [Klebsiella pneumoniae] 
Rank_14|Score_48.9877|Feature_f262090	gb|CP020412.2|-|3537848-3539018|ARO:3004603|tet(56)	100.000	12	0	0	3	14	46	57	2.8	23.3	gb|CP020412.2|-|3537848-3539018|ARO:3004603|tet(56) [Legionella longbeachae] 
Rank_16|Score_47.1038|Feature_f12402646	gb|NG_050310.1|+|100-955|ARO:3007007|TER-2	100.000	13	0	0	5	17	823	835	0.78	25.1	gb|NG_050310.1|+|100-955|ARO:3007007|TER-2 [Raoultella terrigena] 
Rank_16|Score_47.1038|Feature_f12402646	gb|NG_050309.1|+|100-955|ARO:3007001|TER-1	100.000	13	0	0	5	17	823	835	0.78	25.1	gb|NG_050309.1|+|100-955|ARO:3007001|TER-1 [Raoultella terrigena] 
Rank_16|Score_47.1038|Feature_f12402646	gb|AY034138.1|-|7412-7967|ARO:3004568|dfrA18	100.000	13	0	0	1	13	48	60	0.78	25.1	gb|AY034138.1|-|7412-7967|ARO:3004568|dfrA18 [Vibrio cholerae MO10] 
Rank_17|Score_44.9201|Feature_f20639620	gb|OQ948417.1|+|0-1191|ARO:3007694|AMZ-1	100.000	13	0	0	9	21	244	232	0.78	25.1	gb|OQ948417.1|+|0-1191|ARO:3007694|AMZ-1 [Achromobacter mucicolens] 
Rank_18|Score_39.2148|Feature_f89	gb|AE002098.2|-|1795181-1796420|ARO:3000810|mtrC	100.000	12	0	0	9	20	1145	1134	2.8	23.3	gb|AE002098.2|-|1795181-1796420|ARO:3000810|mtrC [Neisseria meningitidis MC58] 
Rank_20|Score_29.6735|Feature_f37567503	gb|APPN01000061.1|+|80497-81298|ARO:3004087|APH(3')-IXa	100.000	13	0	0	4	16	154	142	0.78	25.1	gb|APPN01000061.1|+|80497-81298|ARO:3004087|APH(3')-IXa [Acinetobacter gerneri DSM 14967 = CIP 107464 = MTCC 9824] 
Rank_23|Score_20.2295|Feature_f318461	gb|EU022314.1|+|0-861|ARO:3004623|AAC(3)-IId	100.000	21	0	0	1	21	479	459	2.80e-05	39.9	gb|EU022314.1|+|0-861|ARO:3004623|AAC(3)-IId [Escherichia coli] 
Rank_23|Score_20.2295|Feature_f318461	gb|EU022315.1|+|0-861|ARO:3004621|AAC(3)-IIe	100.000	21	0	0	1	21	479	459	2.80e-05	39.9	gb|EU022315.1|+|0-861|ARO:3004621|AAC(3)-IIe [Escherichia coli] 
Rank_23|Score_20.2295|Feature_f318461	gb|X54723.1|+|818-1679|ARO:3002535|AAC(3)-IIc	100.000	21	0	0	1	21	479	459	2.80e-05	39.9	gb|X54723.1|+|818-1679|ARO:3002535|AAC(3)-IIc [Escherichia coli] 
Rank_23|Score_20.2295|Feature_f318461	gb|X13543.1|+|185-1046|ARO:3002533|AAC(3)-IIa	100.000	21	0	0	1	21	479	459	2.80e-05	39.9	gb|X13543.1|+|185-1046|ARO:3002533|AAC(3)-IIa [Plasmid pWP113a] 
Rank_23|Score_20.2295|Feature_f318461	gb|OM212391.1|+|0-915|ARO:3008199|HBL-1	93.333	15	1	0	1	15	413	399	2.8	23.3	gb|OM212391.1|+|0-915|ARO:3008199|HBL-1 [Bordetella hinzii] 
Rank_23|Score_20.2295|Feature_f318461	gb|EU370913.1|+|47850-51003|ARO:3003923|oqxB	100.000	12	0	0	4	15	1496	1485	2.8	23.3	gb|EU370913.1|+|47850-51003|ARO:3003923|oqxB [Escherichia coli] 
Rank_23|Score_20.2295|Feature_f318461	gb|CP020412.2|-|3537848-3539018|ARO:3004603|tet(56)	100.000	12	0	0	4	15	57	46	2.8	23.3	gb|CP020412.2|-|3537848-3539018|ARO:3004603|tet(56) [Legionella longbeachae] 
Rank_24|Score_19.9601|Feature_f6799272	gb|JQ727668.1|+|0-375|ARO:3000823|ramA	100.000	12	0	0	8	19	353	364	2.8	23.3	gb|JQ727668.1|+|0-375|ARO:3000823|ramA [Enterobacter cloacae] 
Rank_26|Score_17.9693|Feature_f44960741	gb|KP109677.1|+|4318-5179|ARO:3003670|PEDO-1	100.000	12	0	0	8	19	190	201	2.8	23.3	gb|KP109677.1|+|4318-5179|ARO:3003670|PEDO-1 [Pedobacter sp. SI-33] 
Rank_28|Score_16.4795|Feature_f25573121	gb|EU022314.1|+|0-861|ARO:3004623|AAC(3)-IId	100.000	21	0	0	1	21	29	9	2.80e-05	39.9	gb|EU022314.1|+|0-861|ARO:3004623|AAC(3)-IId [Escherichia coli] 
Rank_28|Score_16.4795|Feature_f25573121	gb|EU022315.1|+|0-861|ARO:3004621|AAC(3)-IIe	100.000	21	0	0	1	21	29	9	2.80e-05	39.9	gb|EU022315.1|+|0-861|ARO:3004621|AAC(3)-IIe [Escherichia coli] 
Rank_28|Score_16.4795|Feature_f25573121	gb|X54723.1|+|818-1679|ARO:3002535|AAC(3)-IIc	100.000	21	0	0	1	21	29	9	2.80e-05	39.9	gb|X54723.1|+|818-1679|ARO:3002535|AAC(3)-IIc [Escherichia coli] 
Rank_28|Score_16.4795|Feature_f25573121	gb|X13543.1|+|185-1046|ARO:3002533|AAC(3)-IIa	95.238	21	1	0	1	21	29	9	0.001	34.4	gb|X13543.1|+|185-1046|ARO:3002533|AAC(3)-IIa [Plasmid pWP113a] 
Rank_28|Score_16.4795|Feature_f25573121	gb|NG_049986.1|+|100-1030|ARO:3006990|SGM-4	100.000	14	0	0	8	21	302	289	0.22	27.0	gb|NG_049986.1|+|100-1030|ARO:3006990|SGM-4 [Bacteria, Viruses, Fungi, and other genome sequence associated with antimicrobial resistance] 
Rank_28|Score_16.4795|Feature_f25573121	gb|ON651490.1|+|0-873|ARO:3008198|GOB-53	100.000	12	0	0	2	13	602	613	2.8	23.3	gb|ON651490.1|+|0-873|ARO:3008198|GOB-53 [Elizabethkingia anophelis] 
Rank_28|Score_16.4795|Feature_f25573121	gb|LC511769.1|+|0-873|ARO:3008197|GOB-52	100.000	12	0	0	2	13	602	613	2.8	23.3	gb|LC511769.1|+|0-873|ARO:3008197|GOB-52 [Elizabethkingia anophelis] 
Rank_28|Score_16.4795|Feature_f25573121	gb|NG_068014.1|+|100-973|ARO:3005698|GOB-50	100.000	12	0	0	2	13	602	613	2.8	23.3	gb|NG_068014.1|+|100-973|ARO:3005698|GOB-50 [Elizabethkingia anophelis] 
Rank_28|Score_16.4795|Feature_f25573121	gb|NG_068012.1|+|100-973|ARO:3005696|GOB-48	100.000	12	0	0	2	13	602	613	2.8	23.3	gb|NG_068012.1|+|100-973|ARO:3005696|GOB-48 [Elizabethkingia anophelis] 
Rank_28|Score_16.4795|Feature_f25573121	gb|NG_068172.1|+|100-973|ARO:3005694|GOB-45	100.000	12	0	0	2	13	602	613	2.8	23.3	gb|NG_068172.1|+|100-973|ARO:3005694|GOB-45 [Elizabethkingia anophelis] 
Rank_28|Score_16.4795|Feature_f25573121	gb|NG_068009.1|+|100-973|ARO:3005692|GOB-43	100.000	12	0	0	2	13	602	613	2.8	23.3	gb|NG_068009.1|+|100-973|ARO:3005692|GOB-43 [Elizabethkingia anophelis] 
Rank_28|Score_16.4795|Feature_f25573121	gb|NG_068007.1|+|100-973|ARO:3005690|GOB-41	100.000	12	0	0	2	13	602	613	2.8	23.3	gb|NG_068007.1|+|100-973|ARO:3005690|GOB-41 [Elizabethkingia anophelis] 
Rank_28|Score_16.4795|Feature_f25573121	gb|NG_068006.1|+|100-973|ARO:3005689|GOB-40	100.000	12	0	0	2	13	602	613	2.8	23.3	gb|NG_068006.1|+|100-973|ARO:3005689|GOB-40 [Elizabethkingia anophelis] 
Rank_28|Score_16.4795|Feature_f25573121	gb|NG_068005.1|+|100-973|ARO:3005688|GOB-39	100.000	12	0	0	2	13	602	613	2.8	23.3	gb|NG_068005.1|+|100-973|ARO:3005688|GOB-39 [Elizabethkingia anophelis] 
Rank_28|Score_16.4795|Feature_f25573121	gb|NG_068004.1|+|100-973|ARO:3005687|GOB-38	100.000	12	0	0	2	13	602	613	2.8	23.3	gb|NG_068004.1|+|100-973|ARO:3005687|GOB-38 [Elizabethkingia anophelis] 
Rank_28|Score_16.4795|Feature_f25573121	gb|NG_067996.1|+|100-973|ARO:3005679|GOB-30	100.000	12	0	0	2	13	602	613	2.8	23.3	gb|NG_067996.1|+|100-973|ARO:3005679|GOB-30 [Elizabethkingia anophelis] 
Rank_28|Score_16.4795|Feature_f25573121	gb|NG_068171.1|+|100-973|ARO:3005677|GOB-28	100.000	12	0	0	2	13	602	613	2.8	23.3	gb|NG_068171.1|+|100-973|ARO:3005677|GOB-28 [Elizabethkingia anophelis] 
Rank_28|Score_16.4795|Feature_f25573121	gb|NG_067991.1|+|100-973|ARO:3005673|GOB-24	100.000	12	0	0	2	13	602	613	2.8	23.3	gb|NG_067991.1|+|100-973|ARO:3005673|GOB-24 [Elizabethkingia anophelis] 
Rank_28|Score_16.4795|Feature_f25573121	gb|NG_067988.1|+|100-973|ARO:3005670|GOB-21	100.000	12	0	0	2	13	602	613	2.8	23.3	gb|NG_067988.1|+|100-973|ARO:3005670|GOB-21 [Elizabethkingia anophelis] 
Rank_28|Score_16.4795|Feature_f25573121	gb|NG_067987.1|+|100-973|ARO:3005669|GOB-20	100.000	12	0	0	2	13	602	613	2.8	23.3	gb|NG_067987.1|+|100-973|ARO:3005669|GOB-20 [Bacteria, Viruses, Fungi, and other genome sequence associated with antimicrobial resistance] 
Rank_28|Score_16.4795|Feature_f25573121	gb|AY647246.1|+|0-873|ARO:3004816|GOB-9	100.000	12	0	0	2	13	602	613	2.8	23.3	gb|AY647246.1|+|0-873|ARO:3004816|GOB-9 [Elizabethkingia meningoseptica] 
Rank_28|Score_16.4795|Feature_f25573121	gb|AY348327.1|+|0-873|ARO:3004815|GOB-8	100.000	12	0	0	2	13	602	613	2.8	23.3	gb|AY348327.1|+|0-873|ARO:3004815|GOB-8 [Elizabethkingia meningoseptica] 
Rank_28|Score_16.4795|Feature_f25573121	gb|DQ004496.1|+|0-873|ARO:3004213|GOB-18	100.000	12	0	0	2	13	602	613	2.8	23.3	gb|DQ004496.1|+|0-873|ARO:3004213|GOB-18 [Elizabethkingia meningoseptica] 
Rank_28|Score_16.4795|Feature_f25573121	gb|AY647247.1|+|0-873|ARO:3004802|GOB-10	100.000	12	0	0	2	13	602	613	2.8	23.3	gb|AY647247.1|+|0-873|ARO:3004802|GOB-10 [Elizabethkingia meningoseptica] 
Rank_28|Score_16.4795|Feature_f25573121	gb|AF090141.1|+|242-1115|ARO:3000850|GOB-1	100.000	12	0	0	2	13	602	613	2.8	23.3	gb|AF090141.1|+|242-1115|ARO:3000850|GOB-1 [Elizabethkingia meningoseptica] 
Rank_29|Score_15.5073|Feature_f18611127	gb|CP079746.1|+|15693-16602|ARO:3007635|CAE-1	100.000	14	0	0	6	19	626	639	0.22	27.0	gb|CP079746.1|+|15693-16602|ARO:3007635|CAE-1 [Comamonas aquatica] 
Rank_29|Score_15.5073|Feature_f18611127	gb|FO834906.1|+|304977-306633|ARO:3005053|ArnT	88.889	18	2	0	2	19	869	852	2.8	23.3	gb|FO834906.1|+|304977-306633|ARO:3005053|ArnT [Klebsiella pneumoniae] 
Rank_30|Score_15.0528|Feature_f1181	gb|KP399637.1|+|31476-33444|ARO:3003746|optrA	100.000	12	0	0	1	12	1370	1359	2.8	23.3	gb|KP399637.1|+|31476-33444|ARO:3003746|optrA [Enterococcus faecalis] 
Rank_31|Score_13.8592|Feature_f7209939	gb|U00096.1|+|2154015-2155263|ARO:3000792|mdtA	100.000	12	0	0	6	17	96	107	2.8	23.3	gb|U00096.1|+|2154015-2155263|ARO:3000792|mdtA [Escherichia coli str. K-12 substr. MG1655] 
Rank_33|Score_12.0645|Feature_f685766	gb|EU022314.1|+|0-861|ARO:3004623|AAC(3)-IId	100.000	21	0	0	1	21	615	635	2.80e-05	39.9	gb|EU022314.1|+|0-861|ARO:3004623|AAC(3)-IId [Escherichia coli] 
Rank_33|Score_12.0645|Feature_f685766	gb|EU022315.1|+|0-861|ARO:3004621|AAC(3)-IIe	100.000	21	0	0	1	21	615	635	2.80e-05	39.9	gb|EU022315.1|+|0-861|ARO:3004621|AAC(3)-IIe [Escherichia coli] 
Rank_33|Score_12.0645|Feature_f685766	gb|X54723.1|+|818-1679|ARO:3002535|AAC(3)-IIc	100.000	21	0	0	1	21	615	635	2.80e-05	39.9	gb|X54723.1|+|818-1679|ARO:3002535|AAC(3)-IIc [Escherichia coli] 
Rank_33|Score_12.0645|Feature_f685766	gb|X13543.1|+|185-1046|ARO:3002533|AAC(3)-IIa	100.000	21	0	0	1	21	615	635	2.80e-05	39.9	gb|X13543.1|+|185-1046|ARO:3002533|AAC(3)-IIa [Plasmid pWP113a] 
Rank_33|Score_12.0645|Feature_f685766	gb|MT090547.1|+|0-810|ARO:3005085|AAC(3)-IIg	90.476	21	2	0	1	21	615	635	0.061	28.8	gb|MT090547.1|+|0-810|ARO:3005085|AAC(3)-IIg [Enterobacter cloacae] 
Rank_33|Score_12.0645|Feature_f685766	gb|M97172.1|+|655-1465|ARO:3002534|AAC(3)-IIb	100.000	14	0	0	8	21	622	635	0.22	27.0	gb|M97172.1|+|655-1465|ARO:3002534|AAC(3)-IIb [Serratia marcescens] 
Rank_33|Score_12.0645|Feature_f685766	gb|AY049983.2|+|8308-10228|ARO:3007124|tet(W/32/O)	100.000	12	0	0	3	14	166	177	2.8	23.3	gb|AY049983.2|+|8308-10228|ARO:3007124|tet(W/32/O) [Trueperella pyogenes] 
Rank_33|Score_12.0645|Feature_f685766	gb|M58472.1|+|147-777|ARO:3004451|Afab_ACT_CHL	100.000	12	0	0	10	21	301	290	2.8	23.3	gb|M58472.1|+|147-777|ARO:3004451|Afab_ACT_CHL [Agrobacterium fabrum str. C58] 
Rank_34|Score_10.1747|Feature_f677419	gb|QUDP01000003.1|-|16034-17069|ARO:3005023|cfrE	100.000	14	0	0	2	15	35	22	0.22	27.0	gb|QUDP01000003.1|-|16034-17069|ARO:3005023|cfrE [Clostridium sp. AF37-7] 
Rank_36|Score_7.9788|Feature_f6820108	gb|AF034958.3|+|2641-3871|ARO:3002698|cmlB	100.000	14	0	0	6	19	382	369	0.22	27.0	gb|AF034958.3|+|2641-3871|ARO:3002698|cmlB [Klebsiella aerogenes] 
Rank_36|Score_7.9788|Feature_f6820108	gb|KF481967.1|+|0-885|ARO:3002382|SME-4	100.000	13	0	0	9	21	566	578	0.78	25.1	gb|KF481967.1|+|0-885|ARO:3002382|SME-4 [Serratia marcescens] 
Rank_36|Score_7.9788|Feature_f6820108	gb|AY584237.1|+|123-1008|ARO:3002381|SME-3	100.000	13	0	0	9	21	566	578	0.78	25.1	gb|AY584237.1|+|123-1008|ARO:3002381|SME-3 [Serratia marcescens] 
Rank_36|Score_7.9788|Feature_f6820108	gb|Z28968.1|+|0-885|ARO:3002379|SME-1	100.000	13	0	0	9	21	566	578	0.78	25.1	gb|Z28968.1|+|0-885|ARO:3002379|SME-1 [Serratia marcescens] 
Rank_36|Score_7.9788|Feature_f6820108	gb|KJ188748.1|+|0-885|ARO:3002383|SME-5	100.000	13	0	0	9	21	566	578	0.78	25.1	gb|KJ188748.1|+|0-885|ARO:3002383|SME-5 [Serratia marcescens] 
Rank_36|Score_7.9788|Feature_f6820108	gb|AF275256.1|+|0-885|ARO:3002380|SME-2	100.000	13	0	0	9	21	566	578	0.78	25.1	gb|AF275256.1|+|0-885|ARO:3002380|SME-2 [Serratia marcescens] 
Rank_36|Score_7.9788|Feature_f6820108	gb|AJ487033.2|+|1685-2858|ARO:3002691|Sent_cmlA	100.000	12	0	0	8	19	293	282	2.8	23.3	gb|AJ487033.2|+|1685-2858|ARO:3002691|Sent_cmlA [Salmonella enterica subsp. enterica serovar Typhimurium] 
Rank_36|Score_7.9788|Feature_f6820108	gb|NC_004939.1|+|4565-6107|ARO:3004639|Cstr_tetA	100.000	12	0	0	3	14	892	903	2.8	23.3	gb|NC_004939.1|+|4565-6107|ARO:3004639|Cstr_tetA [Corynebacterium striatum] 
Rank_36|Score_7.9788|Feature_f6820108	gb|AB039845.1|+|25-1945|ARO:3000186|tet(M)	93.750	16	0	1	2	17	1198	1212	2.8	23.3	gb|AB039845.1|+|25-1945|ARO:3000186|tet(M) [Erysipelothrix rhusiopathiae] 
Rank_36|Score_7.9788|Feature_f6820108	gb|AF294653.1|+|2749-4009|ARO:3002696|cmlA6	100.000	12	0	0	8	19	380	369	2.8	23.3	gb|AF294653.1|+|2749-4009|ARO:3002696|cmlA6 [Pseudomonas aeruginosa] 
Rank_36|Score_7.9788|Feature_f6820108	gb|M64556.1|+|600-1860|ARO:3002693|cmlA1	100.000	12	0	0	8	19	380	369	2.8	23.3	gb|M64556.1|+|600-1860|ARO:3002693|cmlA1 [Pseudomonas aeruginosa] 
Rank_36|Score_7.9788|Feature_f6820108	gb|AY115475.1|+|3337-4597|ARO:3002695|cmlA5	100.000	12	0	0	8	19	380	369	2.8	23.3	gb|AY115475.1|+|3337-4597|ARO:3002695|cmlA5 [uncultured bacterium] 
Rank_37|Score_5.0490|Feature_f26513631	gb|AMSS01000044.1|+|132747-133899|ARO:3008011|ADC-295	100.000	12	0	0	2	13	51	40	2.8	23.3	gb|AMSS01000044.1|+|132747-133899|ARO:3008011|ADC-295 [Acinetobacter sp.] 
Rank_37|Score_5.0490|Feature_f26513631	gb|NG_066693.1|+|0-1152|ARO:3006363|ADC-194	100.000	12	0	0	2	13	51	40	2.8	23.3	gb|NG_066693.1|+|0-1152|ARO:3006363|ADC-194 [Acinetobacter calcoaceticus] 
Rank_37|Score_5.0490|Feature_f26513631	gb|L20800.1|+|2308-4267|ARO:3000195|tetB(P)	100.000	12	0	0	2	13	805	816	2.8	23.3	gb|L20800.1|+|2308-4267|ARO:3000195|tetB(P) [Clostridium perfringens] 
Rank_39|Score_3.6488|Feature_f7843832	gb|CP133868.1|-|5051597-5053037|ARO:3007682|MdtQ	100.000	16	0	0	5	20	137	152	0.017	30.7	gb|CP133868.1|-|5051597-5053037|ARO:3007682|MdtQ [Klebsiella pneumoniae] 
Rank_39|Score_3.6488|Feature_f7843832	gb|AE004091.2|-|4116187-4119265|ARO:3003693|MexK	100.000	14	0	0	2	15	1517	1504	0.22	27.0	gb|AE004091.2|-|4116187-4119265|ARO:3003693|MexK [Pseudomonas aeruginosa PAO1] 
Rank_39|Score_3.6488|Feature_f7843832	gb|KJ151292.1|+|294-2892|ARO:3000444|rphA	100.000	14	0	0	1	14	802	789	0.22	27.0	gb|KJ151292.1|+|294-2892|ARO:3000444|rphA [Streptomyces sp. WAC4747] 
Rank_39|Score_3.6488|Feature_f7843832	gb|NG_065924.1|+|0-1194|ARO:3006743|PDC-372	100.000	12	0	0	2	13	955	966	2.8	23.3	gb|NG_065924.1|+|0-1194|ARO:3006743|PDC-372 [Pseudomonas aeruginosa] 
Rank_39|Score_3.6488|Feature_f7843832	gb|KP109676.1|+|0-1026|ARO:3003718|MSI-1	100.000	12	0	0	3	14	355	344	2.8	23.3	gb|KP109676.1|+|0-1026|ARO:3003718|MSI-1 [Massilia sp. SB1-3] 
Rank_39|Score_3.6488|Feature_f7843832	gb|AE006468.2|-|392419-393931|ARO:3000791|mdsC	100.000	12	0	0	7	18	1146	1135	2.8	23.3	gb|AE006468.2|-|392419-393931|ARO:3000791|mdsC [Salmonella enterica subsp. enterica serovar Typhimurium str. LT2] 
Rank_39|Score_3.6488|Feature_f7843832	gb|M88012.1|+|192-1092|ARO:3002540|AAC(3)-VIa	100.000	12	0	0	2	13	874	863	2.8	23.3	gb|M88012.1|+|192-1092|ARO:3002540|AAC(3)-VIa [Enterobacter cloacae] 
Rank_40|Score_3.0831|Feature_f13191833	gb|OQ725878.1|+|202-1342|ARO:3007648|PSZ-1	100.000	13	0	0	4	16	186	198	0.78	25.1	gb|OQ725878.1|+|202-1342|ARO:3007648|PSZ-1 [Pantoea sp.] 
Rank_40|Score_3.0831|Feature_f13191833	gb|AP022513.1|+|2715236-2715917|ARO:3003188|QnrB76	100.000	12	0	0	7	18	252	263	2.8	23.3	gb|AP022513.1|+|2715236-2715917|ARO:3003188|QnrB76 [Citrobacter portucalensis] 
Rank_40|Score_3.0831|Feature_f13191833	gb|KM985471.1|+|0-645|ARO:3003190|QnrB78	100.000	12	0	0	7	18	216	227	2.8	23.3	gb|KM985471.1|+|0-645|ARO:3003190|QnrB78 [Citrobacter freundii] 
Rank_40|Score_3.0831|Feature_f13191833	gb|KM985470.1|+|0-645|ARO:3003189|QnrB77	100.000	12	0	0	7	18	216	227	2.8	23.3	gb|KM985470.1|+|0-645|ARO:3003189|QnrB77 [Citrobacter freundii] 
Rank_40|Score_3.0831|Feature_f13191833	gb|KP207591.1|-|2075-2720|ARO:3003187|QnrB75	100.000	12	0	0	7	18	216	227	2.8	23.3	gb|KP207591.1|-|2075-2720|ARO:3003187|QnrB75 [Citrobacter freundii] 
Rank_40|Score_3.0831|Feature_f13191833	gb|ABWL02000005.1|-|133565-134210|ARO:3002754|QnrB39	100.000	12	0	0	7	18	216	227	2.8	23.3	gb|ABWL02000005.1|-|133565-134210|ARO:3002754|QnrB39 [Citrobacter youngae ATCC 29220] 
Rank_40|Score_3.0831|Feature_f13191833	gb|KM985473.1|+|0-645|ARO:3003192|QnrB80	100.000	12	0	0	7	18	216	227	2.8	23.3	gb|KM985473.1|+|0-645|ARO:3003192|QnrB80 [Citrobacter freundii] 
Rank_40|Score_3.0831|Feature_f13191833	gb|HQ418999.2|+|0-681|ARO:3002746|QnrB31	100.000	12	0	0	7	18	252	263	2.8	23.3	gb|HQ418999.2|+|0-681|ARO:3002746|QnrB31 [Klebsiella pneumoniae] 
Rank_40|Score_3.0831|Feature_f13191833	gb|NG_050506.1|+|36-681|ARO:3002758|QnrB43	100.000	12	0	0	7	18	216	227	2.8	23.3	gb|NG_050506.1|+|36-681|ARO:3002758|QnrB43 [Escherichia coli] 
Rank_40|Score_3.0831|Feature_f13191833	gb|AB734055.1|+|376-1021|ARO:3002773|QnrB60	100.000	12	0	0	7	18	216	227	2.8	23.3	gb|AB734055.1|+|376-1021|ARO:3002773|QnrB60 [Citrobacter freundii] 
Rank_40|Score_3.0831|Feature_f13191833	gb|KJ415247.1|+|0-645|ARO:3002786|QnrB74	100.000	12	0	0	7	18	216	227	2.8	23.3	gb|KJ415247.1|+|0-645|ARO:3002786|QnrB74 [Escherichia coli] 
Rank_40|Score_3.0831|Feature_f13191833	gb|HM439650.1|+|0-681|ARO:3002745|QnrB30	100.000	12	0	0	7	18	252	263	2.8	23.3	gb|HM439650.1|+|0-681|ARO:3002745|QnrB30 [Citrobacter braakii] 
Rank_40|Score_3.0831|Feature_f13191833	gb|AB379831.1|+|0-681|ARO:3002735|QnrB20	100.000	12	0	0	7	18	252	263	2.8	23.3	gb|AB379831.1|+|0-681|ARO:3002735|QnrB20 [Escherichia coli] 
Rank_40|Score_3.0831|Feature_f13191833	gb|NG_050507.1|+|36-681|ARO:3002759|QnrB44	100.000	12	0	0	7	18	216	227	2.8	23.3	gb|NG_050507.1|+|36-681|ARO:3002759|QnrB44 [Escherichia coli] 
Rank_40|Score_3.0831|Feature_f13191833	gb|JN173057.1|+|2306-2951|ARO:3002750|QnrB35	100.000	12	0	0	7	18	216	227	2.8	23.3	gb|JN173057.1|+|2306-2951|ARO:3002750|QnrB35 [Citrobacter freundii] 
Rank_40|Score_3.0831|Feature_f13191833	gb|JX259318.1|+|0-681|ARO:3002770|QnrB57	100.000	12	0	0	7	18	252	263	2.8	23.3	gb|JX259318.1|+|0-681|ARO:3002770|QnrB57 [Citrobacter freundii] 
Rank_40|Score_3.0831|Feature_f13191833	gb|HM439641.1|+|0-645|ARO:3002742|QnrB27	100.000	12	0	0	7	18	216	227	2.8	23.3	gb|HM439641.1|+|0-645|ARO:3002742|QnrB27 [Citrobacter braakii] 
Rank_40|Score_3.0831|Feature_f13191833	gb|EF526508.1|+|0-645|ARO:3002723|QnrB9	100.000	12	0	0	7	18	216	227	2.8	23.3	gb|EF526508.1|+|0-645|ARO:3002723|QnrB9 [Citrobacter freundii] 
Rank_40|Score_3.0831|Feature_f13191833	gb|EU136183.1|+|0-681|ARO:3002731|QnrB16	100.000	12	0	0	7	18	252	263	2.8	23.3	gb|EU136183.1|+|0-681|ARO:3002731|QnrB16 [Citrobacter freundii] 
Rank_40|Score_3.0831|Feature_f13191833	gb|KC580653.1|+|0-645|ARO:3002776|QnrB64	100.000	12	0	0	7	18	216	227	2.8	23.3	gb|KC580653.1|+|0-645|ARO:3002776|QnrB64 [Citrobacter freundii] 
Rank_40|Score_3.0831|Feature_f13191833	gb|HQ386846.1|+|0-681|ARO:3002741|QnrB26	100.000	12	0	0	7	18	252	263	2.8	23.3	gb|HQ386846.1|+|0-681|ARO:3002741|QnrB26 [Proteus vulgaris] 
Rank_40|Score_3.0831|Feature_f13191833	gb|EU302865.1|+|0-681|ARO:3002730|QnrB15	100.000	12	0	0	7	18	252	263	2.8	23.3	gb|EU302865.1|+|0-681|ARO:3002730|QnrB15 [Citrobacter freundii] 
Rank_40|Score_3.0831|Feature_f13191833	gb|KC580658.1|+|0-645|ARO:3002781|QnrB69	100.000	12	0	0	7	18	216	227	2.8	23.3	gb|KC580658.1|+|0-645|ARO:3002781|QnrB69 [Citrobacter freundii] 
Rank_40|Score_3.0831|Feature_f13191833	gb|EU043312.2|+|0-645|ARO:3002722|QnrB8	100.000	12	0	0	7	18	216	227	2.8	23.3	gb|EU043312.2|+|0-645|ARO:3002722|QnrB8 [Citrobacter freundii] 
Rank_40|Score_3.0831|Feature_f13191833	gb|NG_050508.1|+|36-681|ARO:3002760|QnrB45	100.000	12	0	0	7	18	216	227	2.8	23.3	gb|NG_050508.1|+|36-681|ARO:3002760|QnrB45 [Escherichia coli] 
Rank_40|Score_3.0831|Feature_f13191833	gb|KF443075.1|+|0-645|ARO:3002785|QnrB73	100.000	12	0	0	7	18	216	227	2.8	23.3	gb|KF443075.1|+|0-645|ARO:3002785|QnrB73 [Citrobacter freundii] 
Rank_40|Score_3.0831|Feature_f13191833	gb|JN173055.1|+|35-680|ARO:3002748|QnrB33	100.000	12	0	0	7	18	216	227	2.8	23.3	gb|JN173055.1|+|35-680|ARO:3002748|QnrB33 [Citrobacter braakii] 
Rank_40|Score_3.0831|Feature_f13191833	gb|DQ351241.1|+|36-681|ARO:3002714|QnrB1	100.000	12	0	0	7	18	216	227	2.8	23.3	gb|DQ351241.1|+|36-681|ARO:3002714|QnrB1 [Klebsiella pneumoniae] 
Rank_40|Score_3.0831|Feature_f13191833	gb|JQ762640.1|+|36-681|ARO:3002763|QnrB48	100.000	12	0	0	7	18	216	227	2.8	23.3	gb|JQ762640.1|+|36-681|ARO:3002763|QnrB48 [Citrobacter freundii] 
Rank_40|Score_3.0831|Feature_f13191833	gb|JN173059.1|+|35-680|ARO:3002752|QnrB37	100.000	12	0	0	7	18	216	227	2.8	23.3	gb|JN173059.1|+|35-680|ARO:3002752|QnrB37 [Citrobacter freundii] 
Rank_40|Score_3.0831|Feature_f13191833	gb|EU273757.1|+|0-681|ARO:3002728|QnrB14	100.000	12	0	0	7	18	252	263	2.8	23.3	gb|EU273757.1|+|0-681|ARO:3002728|QnrB14 [Citrobacter freundii] 
Rank_40|Score_3.0831|Feature_f13191833	gb|HQ172108.1|+|0-645|ARO:3002740|QnrB25	100.000	12	0	0	7	18	216	227	2.8	23.3	gb|HQ172108.1|+|0-645|ARO:3002740|QnrB25 [Citrobacter freundii] 
Rank_40|Score_3.0831|Feature_f13191833	gb|EU043311.3|+|0-645|ARO:3002721|QnrB7	100.000	12	0	0	7	18	216	227	2.8	23.3	gb|EU043311.3|+|0-645|ARO:3002721|QnrB7 [Enterobacter cloacae] 
Rank_40|Score_3.0831|Feature_f13191833	gb|FJ611948.1|+|0-645|ARO:3002736|QnrB21	100.000	12	0	0	7	18	216	227	2.8	23.3	gb|FJ611948.1|+|0-645|ARO:3002736|QnrB21 [Escherichia coli] 
Rank_40|Score_3.0831|Feature_f13191833	gb|JN173054.1|+|36-681|ARO:3002747|QnrB32	100.000	12	0	0	7	18	216	227	2.8	23.3	gb|JN173054.1|+|36-681|ARO:3002747|QnrB32 [Citrobacter freundii] 
Rank_40|Score_3.0831|Feature_f13191833	gb|JN166690.1|+|0-681|ARO:3002756|QnrB41	100.000	12	0	0	7	18	252	263	2.8	23.3	gb|JN166690.1|+|0-681|ARO:3002756|QnrB41 [Citrobacter freundii] Partial
Rank_40|Score_3.0831|Feature_f13191833	gb|KC580654.1|+|0-645|ARO:3002777|QnrB65	100.000	12	0	0	7	18	216	227	2.8	23.3	gb|KC580654.1|+|0-645|ARO:3002777|QnrB65 [Citrobacter freundii] 
Rank_40|Score_3.0831|Feature_f13191833	gb|HM439643.1|+|0-645|ARO:3002743|QnrB28	100.000	12	0	0	7	18	216	227	2.8	23.3	gb|HM439643.1|+|0-645|ARO:3002743|QnrB28 [Citrobacter freundii] 
Rank_40|Score_3.0831|Feature_f13191833	gb|DQ303920.1|+|0-681|ARO:3002716|QnrB3	100.000	12	0	0	7	18	252	263	2.8	23.3	gb|DQ303920.1|+|0-681|ARO:3002716|QnrB3 [Escherichia coli] 
Rank_40|Score_3.0831|Feature_f13191833	gb|AM919398.1|+|0-681|ARO:3002732|QnrB17	100.000	12	0	0	7	18	252	263	2.8	23.3	gb|AM919398.1|+|0-681|ARO:3002732|QnrB17 [Citrobacter freundii] 
Rank_40|Score_3.0831|Feature_f13191833	gb|JQ582718.1|+|0-681|ARO:3002764|QnrB49	100.000	12	0	0	7	18	252	263	2.8	23.3	gb|JQ582718.1|+|0-681|ARO:3002764|QnrB49 [Citrobacter freundii] 
Rank_40|Score_3.0831|Feature_f13191833	gb|EF520349.1|+|0-681|ARO:3002720|QnrB6	100.000	12	0	0	7	18	252	263	2.8	23.3	gb|EF520349.1|+|0-681|ARO:3002720|QnrB6 [Pantoea agglomerans] 
Rank_40|Score_3.0831|Feature_f13191833	gb|KF992027.1|+|700-1846|ARO:3001843|ACT-22	100.000	12	0	0	2	13	808	819	2.8	23.3	gb|KF992027.1|+|700-1846|ARO:3001843|ACT-22 [Enterobacter cloacae] 
Rank_40|Score_3.0831|Feature_f13191833	gb|JN680743.1|+|0-645|ARO:3002757|QnrB42	100.000	12	0	0	7	18	216	227	2.8	23.3	gb|JN680743.1|+|0-645|ARO:3002757|QnrB42 [Klebsiella pneumoniae] 
Rank_40|Score_3.0831|Feature_f13191833	gb|EF488762.1|+|0-645|ARO:3002715|QnrB2	100.000	12	0	0	7	18	216	227	2.8	23.3	gb|EF488762.1|+|0-645|ARO:3002715|QnrB2 [Proteus mirabilis] 
Rank_40|Score_3.0831|Feature_f13191833	gb|FJ981622.1|+|0-681|ARO:3002738|QnrB23	100.000	12	0	0	7	18	252	263	2.8	23.3	gb|FJ981622.1|+|0-681|ARO:3002738|QnrB23 [Citrobacter freundii] 
Rank_40|Score_3.0831|Feature_f13191833	gb|HE820727.2|+|586-1231|ARO:3002767|QnrB54	100.000	12	0	0	7	18	216	227	2.8	23.3	gb|HE820727.2|+|586-1231|ARO:3002767|QnrB54 [Citrobacter freundii] 
Rank_40|Score_3.0831|Feature_f13191833	gb|EU273755.1|+|0-681|ARO:3002727|QnrB13	100.000	12	0	0	7	18	252	263	2.8	23.3	gb|EU273755.1|+|0-681|ARO:3002727|QnrB13 [Citrobacter freundii] 
Rank_40|Score_3.0831|Feature_f13191833	gb|AM919399.1|+|0-681|ARO:3002733|QnrB18	100.000	12	0	0	7	18	252	263	2.8	23.3	gb|AM919399.1|+|0-681|ARO:3002733|QnrB18 [Citrobacter freundii] 
Rank_40|Score_3.0831|Feature_f13191833	gb|JN173060.2|+|2306-2951|ARO:3002753|QnrB38	100.000	12	0	0	7	18	216	227	2.8	23.3	gb|JN173060.2|+|2306-2951|ARO:3002753|QnrB38 [Citrobacter freundii] 
Rank_40|Score_3.0831|Feature_f13191833	gb|KC580655.1|+|0-645|ARO:3002778|QnrB66	100.000	12	0	0	7	18	216	227	2.8	23.3	gb|KC580655.1|+|0-645|ARO:3002778|QnrB66 [Citrobacter freundii] 
Rank_40|Score_3.0831|Feature_f13191833	gb|JX259319.1|+|0-681|ARO:3002771|QnrB58	100.000	12	0	0	7	18	252	263	2.8	23.3	gb|JX259319.1|+|0-681|ARO:3002771|QnrB58 [Citrobacter freundii] 
